qw,qx,qy,qz
0.4612225607051013,0.3022079184971629,0.7275084734357137,-0.4082591634899072
0.46075651019153785,0.30219333096223266,0.727831755554302,-0.40821999540052967
0.4615630978790348,0.3030490596472824,0.7270089984213486,-0.40814052768328957
0.4623865916507733,0.30236816584547893,0.7270834412673125,-0.4075804234500287
0.4629033346217955,0.30173148156746993,0.7274816660785576,-0.4067542763717275
0.46465445883187434,0.3007861491353123,0.7268143304745651,-0.4066507781780545
0.46495733143722756,0.29981171644450805,0.7274980525703122,-0.4058006876925834
0.477185412273,0.29908507374406446,0.7210990184642424,-0.40355719117277655
0.4787603095571854,0.3001863954220243,0.7191684260039642,-0.40431852422962383
0.4806907302684337,0.30084825073539845,0.7175591491052294,-0.40439537509574686
0.4832857835467814,0.3030373661470768,0.7142166741716942,-0.4055832201599816
0.4843238424785016,0.3052372183389239,0.7117326523344728,-0.4070593172358448
0.4854538556887785,0.3078608655470512,0.7090660556199047,-0.4083889937659308
0.48680109216881534,0.31023612606035295,0.7064661904570451,-0.4094920811095418
0.4878763365116525,0.3126443573420646,0.7037819770416646,-0.41100013976331246
0.4907147330438931,0.3147646847195406,0.7002984565378896,-0.41195183674516933
0.49391770751316305,0.3167706230378651,0.6964989494286278,-0.4130264931332642
0.495754426080182,0.31917233639575227,0.6931367670775804,-0.4146299444406137
0.49683781614245465,0.3211139505870886,0.6908335375624608,-0.4156766033445779
0.4978220984873449,0.32360598787598777,0.688093980941592,-0.41710789522666
0.4991917756655017,0.3259261115902353,0.6852953004052733,-0.41827035770424764
0.5011677511072649,0.32778463468103197,0.6823068557260227,-0.41933932935795265
0.5035758092888697,0.3291252634225532,0.6795263586628961,-0.419918912599135
0.5065638337763757,0.32975124555929913,0.6767394898617424,-0.420334225615212
0.5086331665785215,0.3304859910028865,0.6743941872842607,-0.42102706773359294
0.5108084664074093,0.3301210079711672,0.6733580021751153,-0.42033775900976195
0.5151829843617225,0.32879220944597465,0.6711336800235297,-0.4195971391345012
0.5187054938974114,0.3287693513933594,0.6689742317658164,-0.4187228217071148
0.522275987840944,0.3300118965714724,0.6654679431173526,-0.41889420780099856
0.5263691103916243,0.33089838584867376,0.6619013190354541,-0.4187224160794337
0.5311361267740543,0.3314944656776895,0.6577293521079618,-0.4188053646219922
0.5344093084381674,0.3324067577913466,0.6544455641604181,-0.41906257525581675
0.5373827900227218,0.33340302091354307,0.6513431600858655,-0.4193020992583719
0.5415223265860954,0.33456311973261516,0.6472721265991732,-0.4193565104434961
0.5464051456007532,0.3361025406830607,0.6422634500736184,-0.4194927409466631
0.5498616264086196,0.33839862683554833,0.638385863808811,-0.4190489828745097
0.5535632207014552,0.34195634080795695,0.6340123451361012,-0.41792579231591576
0.5593967619990018,0.34256471197376176,0.629604146786385,-0.4163211490241087
0.5660985077222964,0.3432079245140358,0.6227894675211889,-0.4169821090287101
0.5719389905888284,0.3453287689630449,0.6159780730036276,-0.41737854035567984
0.5757269517255701,0.34853646067112626,0.6113911072992013,-0.4162471940507037
0.5800149010355943,0.3515771120055995,0.6068246073914987,-0.4144154253338377
0.5875467142818097,0.352602960977928,0.5997341909599273,-0.41325405096609613
0.5967424222164129,0.35101883924178845,0.5921333629505166,-0.41238614974990084
0.6039674815307756,0.35150371160480703,0.5833927783927181,-0.41390975840228966
0.6106707496018777,0.35081698365702146,0.576040471688345,-0.4149530751007141
0.6142320527113996,0.35203741314949194,0.5696813026373057,-0.4174348555049243
0.619073057987465,0.353583914058001,0.5608824963242407,-0.42087740484678077
0.6231022612059713,0.3556980365964104,0.5512704990502404,-0.42582075538700936
0.6238725705210932,0.3603421600143298,0.5428955395987967,-0.43151011176024856
0.6232886543487391,0.36632337355951217,0.5341957370308047,-0.4381248154147762
0.6211614455705936,0.3735356311446013,0.525739219137255,-0.4452278790271385
0.618407236978749,0.381340414642257,0.5158154935302477,-0.4539673490978487
0.6167881732845495,0.38726955504918736,0.504320511546797,-0.4639563154667581
0.6159472137875355,0.3927887430347515,0.4877025296771417,-0.4779877359504832
0.6112201966697539,0.40020041914435944,0.4758510448738166,-0.4897093819727812
0.6032059090943173,0.4091957486191222,0.4644803091471962,-0.5029508057059453
0.5943510891343782,0.4176423742709659,0.453696772543549,-0.5162178499835667
0.5834204300040603,0.4279547721139187,0.44113615616752705,-0.530918267344928
0.5738860922462876,0.43634552326422876,0.42947294104545,-0.5438844825542676
0.5602658554255768,0.44678788940970515,0.41888389692567896,-0.5576908050321657
0.5512544841326382,0.4545706617958947,0.40844429559402123,-0.5680292814237707
0.5397842798436017,0.46328519145616626,0.39517861645397445,-0.5812345685768101
0.5301317086152668,0.46991253614117123,0.3834967514435454,-0.5925139842487079
0.5181956971683636,0.4773326886743245,0.36934312625982624,-0.6059805102837486
0.5057949025322421,0.48501085194425436,0.3560831605072009,-0.6181753577035494
0.49425721960033986,0.49269722597179894,0.3444990507462878,-0.6279169120413484
0.4843381194964698,0.4978726981231495,0.33296475240964823,-0.6377098369313275
0.47352479052682145,0.5020650908731812,0.31891173088819885,-0.6496154440782078
0.4609567558537751,0.5068740678296593,0.30450114170296666,-0.6617224518604208
0.44994282758844845,0.5115800286605838,0.29246024416928734,-0.6710471904104726
0.43991128352418385,0.5145077850487528,0.28071559779933936,-0.6804105781838575
0.42588976525704114,0.5189409954697033,0.2661269462658565,-0.6917330406605036
0.41274641857424627,0.5225713606657839,0.25058635617607433,-0.7026848831904966
0.39866830976957995,0.5266162552400989,0.23655666096772124,-0.712586727812246
0.3821293189153752,0.532487145872971,0.22079990648389036,-0.7222755875716929
0.36615846745602837,0.5403008419292543,0.2061481289245562,-0.729044529409347
0.35107660051790507,0.5488504398887284,0.19314873735978788,-0.7336225054202333
0.33993393889525836,0.557558364795242,0.18129978473735872,-0.7353257612026103
0.3364589485857246,0.5642520878032357,0.17444958672028962,-0.7334727663788196
0.3431868647293383,0.5637726314342786,0.17280407402948153,-0.7311100792095057
0.3514841799756492,0.5584234128524347,0.1661349785503245,-0.732817393425653
0.35999413110912104,0.5549132137796104,0.15680753635231764,-0.733407763309668
0.36910493021659857,0.5485753675337665,0.14191119242282327,-0.7366734894715062
0.3711386853360313,0.5355105504750336,0.12088162784270506,-0.7489139861339664
0.3682955471564284,0.5169834860437897,0.09924406301746666,-0.7663139572385085
0.3600923319145157,0.49805008550851915,0.07590976935907441,-0.7851861764812057
0.34668966331370776,0.4846247668725238,0.051159036459494066,-0.8014535954587242
0.3326039275845996,0.47720614446625736,0.026864813852800457,-0.8129742952981984
0.31431230500090496,0.47392370006657725,-0.0018736084453958883,-0.8225573481719172
0.2956051768532609,0.4716824070675142,-0.02937594055090204,-0.8302230666497398
0.26588035017957923,0.4692865505585007,-0.06217685784801195,-0.8397689034498933
0.2352390638043627,0.4650888015481107,-0.09832992720831284,-0.8477536286859508
0.20960477097222738,0.45977058459379744,-0.1297105498945002,-0.8531424399090836
0.17926747332276785,0.452183746852285,-0.16571477872485385,-0.857864583837841
0.1498251958268206,0.4403778480348288,-0.20240672665201015,-0.8617721732927368
0.12173021450789304,0.42331800916570617,-0.23782289081348162,-0.8656927229663909
0.09687514467840998,0.4065090933336942,-0.2683536990471759,-0.8679584411642374
0.0727898644693304,0.3919966797417389,-0.29512210270222605,-0.8682990171586087
0.05234669043882674,0.3806868164455152,-0.3182592260936397,-0.8666305076507277
0.02628878679423905,0.36880870850340197,-0.3454426107533066,-0.8625302539023656
0.0011178625492191058,0.3558574975461212,-0.36972200001582384,-0.8582947247465946
-0.022638800025195856,0.3420152084744635,-0.39310845405682426,-0.8532167516256595
-0.04526582182816584,0.33076693708210547,-0.41480567820742686,-0.8464517044902325
-0.0663152852439842,0.3201115225065558,-0.4343822992720716,-0.8393109758490308
-0.08453793794525295,0.30768041339331237,-0.4500579365604222,-0.8340467337032501
-0.10043032218214885,0.29995774621455307,-0.46431222409486994,-0.8272564653288307
-0.11957744461381506,0.2945770644046503,-0.4780573701460501,-0.8187714813764652
-0.1427841106245432,0.2924150813840257,-0.4924733431158928,-0.8072026537695401
-0.1637014513757381,0.28973751141729814,-0.5043813292718553,-0.7967769348927868
-0.18182203558006343,0.28996996935313285,-0.511897552780297,-0.7879207191770049
-0.20378543178981295,0.2937362539959152,-0.519127509546374,-0.7763357132780033
-0.22628632397707366,0.2994938540014228,-0.5261956964450293,-0.7630308119853665
-0.2494934095321746,0.3094779240335252,-0.532070221816545,-0.7475812545750482
-0.26554010282903195,0.316052185100079,-0.5362068632451032,-0.7362619573846388
-0.28271329119578464,0.31761272801272206,-0.5405534883633194,-0.7259457804848864
-0.3012451162656365,0.32124489307335097,-0.5457517657408942,-0.7128871641368573
-0.3167223711393552,0.3276536955492748,-0.5479999663236317,-0.7014456731080934
-0.3311602607392867,0.33495207652679126,-0.5512799984274359,-0.6886438495124491
-0.3466179338152556,0.3433310633609594,-0.5548181350081292,-0.6739114377684781
-0.36195960751971407,0.35332666980465827,-0.5588045333253117,-0.6571780584164427
-0.37200498945468236,0.3597017667190433,-0.560985126905813,-0.646159898345982
-0.3834071394074221,0.3624709962431303,-0.5639688342782314,-0.6352581335935676
-0.393107216150563,0.36521747246272074,-0.5674651039509453,-0.6245528562229455
-0.40407463877767336,0.37271195740011503,-0.5723286908447339,-0.6084811852010058
-0.41501422720613046,0.3759208216217679,-0.5744895762803451,-0.5969995425734789
-0.42657768000837043,0.37782331849599543,-0.5740792716187834,-0.5879745001417978
-0.4341822349599274,0.3777999670547729,-0.5717348367772049,-0.5846984249627817
-0.43945141854401465,0.38103878955434867,-0.5669784383635906,-0.58329010108641
-0.44313175289115325,0.3909785398102841,-0.5608579548452829,-0.5798347915347946
-0.44664007701430725,0.3999066095351693,-0.5540852157834469,-0.5775611819581977
-0.44952503651551806,0.40991732258046104,-0.5455282752393886,-0.5764494176495683
-0.45291888168837163,0.4251087493551441,-0.5338555845476827,-0.5737118202365298
-0.4585268312774943,0.43920604525488527,-0.525789110028924,-0.5660362237394143
-0.4638311050265264,0.4472959630398506,-0.5198876793578069,-0.560806408941694
-0.46763510173836276,0.4534372924877916,-0.516171309090667,-0.55612877382412
-0.47094123240827,0.4596855500219677,-0.5135442970230711,-0.5506140260780327
-0.47394886999998215,0.46299759341198693,-0.5130307634330048,-0.5457152489089863
-0.47655172514768324,0.4639758858681906,-0.5139911192037522,-0.541699141564087
-0.47939767439733094,0.4643603673688854,-0.5151901794813056,-0.5377047498074427
-0.4833422792401123,0.464451453337486,-0.5150267457203151,-0.5342401517898223
-0.4873815020403786,0.46417869557837255,-0.516744960507391,-0.5291238567955899
-0.49103183975104847,0.4649591021296988,-0.5180811531898778,-0.5237295909215858
-0.4954870263080695,0.4653366719714902,-0.5196413437989293,-0.5176169068855144
-0.4997406791318529,0.4648198798524983,-0.5217386701643629,-0.511850068838391
-0.5032446151498352,0.46338827900663904,-0.5243616188937483,-0.5070118862838299
-0.5080674443328055,0.4606522801492483,-0.5288364301680536,-0.4999989789284968
-0.5108496155765508,0.46146928913691243,-0.5312533185619666,-0.4938103653890435
-0.5157620418650961,0.4608212437170559,-0.5325385476001099,-0.4878893243658628
-0.5189798203786617,0.45929127719143886,-0.5345049722244738,-0.48375190273827695
-0.5218236142982129,0.4591250366146919,-0.5368712785831241,-0.47819822934305106
-0.5246108815199473,0.4609498762829735,-0.5383758134870582,-0.47165677987040905
-0.5271262254196574,0.4609052911626149,-0.5406024910714535,-0.4663187769117482
-0.5299934526070641,0.46062333280790185,-0.5433270006153965,-0.46014003941067927
-0.5335139770912362,0.45967399076256926,-0.5469480166786943,-0.4526704380848702
-0.5357512238229772,0.45832011116643323,-0.5505058866945655,-0.4470532077809094
-0.5377144021638586,0.45817724463855136,-0.5557472132143275,-0.43827145606974904
-0.5399323618115529,0.45693066792408205,-0.5597370857477202,-0.4317195898007179
-0.5434813103461983,0.45402773984483175,-0.5640449785732355,-0.4246647370598263
-0.5477168907704786,0.4513428326903233,-0.5680572029003332,-0.4166615763144522
-0.5531906440151753,0.4479284193285871,-0.5712008811678226,-0.40874172271126447
-0.5572761227152223,0.4453930182848923,-0.5733148545983252,-0.4029621071657525
-0.5612433880354507,0.44111928264442596,-0.5800006219722669,-0.39245243836360527
-0.5670475121080967,0.43413554530106835,-0.5879523817218753,-0.3798624015952834
-0.5756263749342397,0.42174228705215844,-0.5995163551173079,-0.36244704404773265
-0.5830198218197359,0.4105089146975351,-0.6090265517027194,-0.34735713270383567
-0.5913163815657579,0.39828462649160634,-0.6189559921304639,-0.3295569343804101
-0.6024321475355363,0.37924895224362687,-0.6339467804883646,-0.3022535679628456
-0.6137276350283021,0.3576234838362595,-0.6494268226400198,-0.2714565082054072
-0.6247953133048888,0.33490221767950823,-0.6629506155195408,-0.24076503576693878
-0.6344325183282301,0.30969010178156225,-0.6774466476641692,-0.20652714135145656
-0.6409762100182901,0.2813433283317058,-0.6935992515188304,-0.1700456059013151
-0.6457378958184485,0.2512633859327778,-0.7084130596338746,-0.134313877666201
-0.6473380115773367,0.21996342529269283,-0.7232161164427332,-0.09761167562385582
-0.6471246770545437,0.1906235590866796,-0.7356607658734708,-0.06079102419467858
-0.6431014114356085,0.1701748024939739,-0.7459684785352179,-0.031498257690189706
-0.6381681628443988,0.14494559371494314,-0.756129613772947,-0.0004218649092102687
-0.6317466459378173,0.12185870606356825,-0.764976151485427,0.02929366418487147
-0.6247067224287455,0.09895077257597767,-0.7723371347194757,0.05869928357537167
-0.6187361606970778,0.08134604973938384,-0.7772651383926681,0.08004553877052874
-0.6076008636709526,0.059817628306032836,-0.7848779898020772,0.10587531787156279
-0.5957778952203593,0.04012996483607105,-0.7917403827213992,0.12878451714871156
-0.5817478156325285,0.019933244068521306,-0.7993897928870934,0.14882239016900745
-0.5702521746270511,0.005419700888632561,-0.8047225795055858,0.1649383345655979
-0.5599423707659034,-0.00745752238329307,-0.8080033252022019,0.18313807152841594
-0.5488551896965356,-0.016763735324214636,-0.8122337464008282,0.1968585764675619
-0.5365243719613442,-0.027690726990061233,-0.81690979005521,0.20984093223725453
-0.5207093946825933,-0.0383855987694422,-0.823940661696286,0.22024999001109005
-0.5021460381567616,-0.04990055215615762,-0.8309908702807536,0.234122755767171
-0.4765467442588053,-0.055419253447033925,-0.8417536688481048,0.2475533636702634
-0.43990509972300484,-0.060777565797406244,-0.8564901741649555,0.2630858648660537
-0.40458788803921863,-0.06662913791151447,-0.8684500981792609,0.2786819438097224
-0.36391267381857473,-0.07764324386599673,-0.8803501950879487,0.29414728712805077
-0.31843300706187794,-0.09605745344165889,-0.8901611987251934,0.311426437439021
-0.2839598317126539,-0.11226768679680124,-0.8913036085498829,0.3351725792199803
-0.26055421022682435,-0.12976495909777683,-0.8843046658221023,0.36507234478756173
-0.25038413191513625,-0.14636528993930759,-0.8720409612086595,0.39424554577111404
-0.24270551135271332,-0.16504775873845906,-0.857234998002364,0.4230856063426364
-0.24683365176765434,-0.17767301300399443,-0.840526493925293,0.44835327791238616
-0.260477074604468,-0.18183393652255475,-0.8250884963666576,0.46724413992860114
-0.26423088772420167,-0.18727247434452565,-0.8142741065472494,0.48173513234145393
-0.26749805034283836,-0.1921268555914718,-0.8047439188692941,0.49388185780225324
-0.2682758864069054,-0.19709108613425871,-0.7966309998248029,0.5045415767378763
-0.2646954538671451,-0.20051868472051748,-0.7897612921030618,0.5157573802435814
-0.26811934189070225,-0.20552296781869248,-0.7844944778400195,0.5200391739490485
-0.2680562485030913,-0.209404995045041,-0.782612230919582,0.5213573550873818
-0.2692340823032183,-0.21195604373116783,-0.7807480450102017,0.5225132865917607
-0.2679396152405042,-0.21483067991509694,-0.7787887629113727,0.5249230460886259
-0.26601690928187044,-0.21891291562128207,-0.7757156281342423,0.5287507953834286
-0.26373538496262716,-0.2224895850510741,-0.7726435096625714,0.5328827621895079
-0.2579909663063306,-0.2255137842637066,-0.7706345219428798,0.5373142730295346
-0.25884988229404543,-0.2303627619234081,-0.7670756720737048,0.5399302266664205
-0.26170661840262976,-0.23365879902676787,-0.7642213710888255,0.5411828780483957
-0.266711702251667,-0.23725459433178545,-0.7604858389886215,0.5424356312487691
-0.2725888139885271,-0.24253491683731254,-0.7563321886439258,0.5429859786625573
-0.28146197588273597,-0.24573805449962244,-0.7529449224160826,0.5417249380550672
-0.29192433614968066,-0.250076025551702,-0.7481732495476932,0.540813232150507
-0.30546179989243927,-0.25272924308198685,-0.7440979312112364,0.5377167351541474
-0.31967959265024815,-0.2552071253950448,-0.7420906660348692,0.5310138647667251
-0.3374163797761194,-0.25903312252793537,-0.7389433932293954,0.5225080762005813
-0.3562514084819423,-0.260809125586075,-0.7381787259622448,0.5100546073729916
-0.3761133521930812,-0.26293184257480684,-0.7365237252902759,0.4969289632803008
-0.39781085254628556,-0.2561998706946673,-0.7367421180083865,0.4830312654528171
-0.4220884726399802,-0.2445116208470769,-0.7374899095441759,0.46708031627944585
-0.4467683039152676,-0.22646311807225422,-0.7401132913363011,0.44871466964766704
-0.47232958965065824,-0.2037207518307292,-0.7442055530055998,0.426099411979872
-0.4970909183530056,-0.1782186300290972,-0.748604234680178,0.40091200857597453
-0.5163007295965505,-0.1569738992615449,-0.7513375780712164,0.3798481214206208
-0.5317305105973108,-0.1340215318691753,-0.7551787632626915,0.3591739531374661
-0.5457323462279895,-0.10833588366464479,-0.7592437256620943,0.33762184116824695
-0.5607107876286519,-0.08281956629623118,-0.7617505523448236,0.3138159143155699
-0.5801414892836341,-0.05072181219097782,-0.7629768665008975,0.2805876892600639
-0.6006144112041893,-0.022030169910607585,-0.7607250388823087,0.2451008279975093
-0.6180661397373384,0.006602794992263103,-0.7578329241816275,0.2089016731258964
-0.6308737355977921,0.033550764542914814,-0.7550365111570173,0.17547804065270473
-0.6395718001716929,0.063196022591709,-0.7526470394918501,0.143096502745112
-0.6450434784988718,0.08581328054828646,-0.7500009072075953,0.11854801101410678
-0.6498435964418446,0.10872191539712656,-0.7463577905613701,0.09398347591071109
-0.6552287238548097,0.1416720625281212,-0.7398472120392751,0.056837038736529066
-0.6582276708882994,0.16156711301473767,-0.734522155847162,0.033310716574178875
-0.6602303906524577,0.18522050126496328,-0.7278488996323412,0.005017616371238037
-0.6602771079976236,0.20706248967519564,-0.7216481714718651,-0.01957505134393066
-0.6597070648282817,0.2276099720859569,-0.7148870501941216,-0.043781213864291034
-0.6580114959885571,0.24731431875333318,-0.7081827640446559,-0.0658306281038481
-0.6564519779430881,0.2610113388461587,-0.7029725096902111,-0.08230147184704238
-0.6544792538168749,0.27453592177503194,-0.6975443319100088,-0.0985841721508074
-0.651721677717491,0.28975086575508796,-0.6910492460128473,-0.11727843012400443
-0.6487304089889138,0.30262641097438964,-0.6848160085849815,-0.13635668747652654
-0.6455930485808169,0.3136540270207476,-0.6783964750262197,-0.15687252668901297
-0.6424337924015492,0.3230176357313012,-0.6724522317044844,-0.17534658668700154
-0.6376586968890124,0.3332877758606673,-0.6672546359421496,-0.1925666003162687
-0.6339803157985452,0.33999386198569864,-0.6615434470706181,-0.21173899175624472
-0.6304895049675853,0.3451124438010643,-0.6567469320107361,-0.22817504805274466
-0.6247856601352003,0.3539732131371986,-0.653329085781694,-0.23980606527443232
-0.619008302086114,0.3626063479718717,-0.6503825952996064,-0.24969549072884067
-0.6147022373448391,0.3681063085690724,-0.6463945224561249,-0.2623223710124972
-0.6104752696165623,0.37167258069587156,-0.6429365236050173,-0.27533990731485253
-0.6068701307515854,0.3731341422628921,-0.6395230890750616,-0.28894597214562534
-0.6019787778398328,0.3747087238826278,-0.6362741392683532,-0.30392456790300815
-0.5951892178963247,0.3774424170574296,-0.6342753903987624,-0.3177762512213656
-0.5895069467707613,0.3782181258182901,-0.6320843012955981,-0.3315147735277728
-0.5846377135359874,0.3779933582146521,-0.6309477859804419,-0.34238086456956274
-0.5815658634681958,0.37604571332449876,-0.6302328227637871,-0.3509663189680027
-0.5781712049759042,0.3756420772020005,-0.6282159756181509,-0.36049379405228615
-0.5747802782034631,0.3746729831921893,-0.6264367936332774,-0.3698982711998984
-0.5713519206062448,0.37400085777497255,-0.6247111120645528,-0.3787035353230941
-0.568125728799517,0.37376710126401314,-0.6234371131917182,-0.38582052327979066
-0.5643838603464849,0.37360660645609983,-0.6219306163459222,-0.39381628996822576
-0.5611468632106631,0.37346054673463364,-0.6207922710110687,-0.4003228374629928
-0.5586965297978145,0.37399348009686845,-0.6196141752976053,-0.40504979719434686
-0.5558954899564355,0.3742148343952259,-0.6202726738106155,-0.40768280818361474
-0.5525502404197877,0.37319215742961376,-0.6221324219672663,-0.41032559630397
-0.5502046583545405,0.37009466443220873,-0.6233015650300501,-0.41448755387208486
-0.5476572596634921,0.3677318408962725,-0.6229389501023279,-0.42046626924680003
-0.5431956418497655,0.3672072871021948,-0.621771155830318,-0.4283665868761218
-0.5385434410675305,0.3638903824421145,-0.6209330403545594,-0.4381745212187925
-0.5315052718066943,0.35844835227464567,-0.6189658358985977,-0.4537600894565696
-0.5248960743001294,0.3526422163736806,-0.6175209298164229,-0.4677557906151796
-0.5182520984194828,0.34901075918170144,-0.6157134292466283,-0.4801075145262491
-0.5086066443211511,0.3465856498495277,-0.6116978855388815,-0.49701445200116695
-0.5015805334662171,0.34012600217010547,-0.6003947844400068,-0.5217828800495129
-0.49743202492314337,0.33060733087193533,-0.5865800703605443,-0.5469771424935551
-0.49158856408142265,0.31630410026441175,-0.5648129267045674,-0.5824764009363015
-0.4822735707115323,0.3081926625830264,-0.5480272465407118,-0.6099964120977592
-0.46833535606700194,0.30998186496292557,-0.5385886045479168,-0.628088809566632
-0.45169293858665766,0.3153880064201649,-0.5342115662452398,-0.6411878797412439
-0.4324560268445216,0.31516413317321,-0.5278170662892764,-0.6595926762334549
-0.41128582482905,0.31054793809155623,-0.5157239755291047,-0.6844214560533782
-0.394873200816748,0.30994711258132357,-0.5055461100969172,-0.7017343323830695
-0.3796773547986139,0.31258794685524555,-0.4916839737277964,-0.718596376078528
-0.37390297858118027,0.31225473268306514,-0.47627011365397937,-0.7320248106213167
-0.3692298554456577,0.3112306760390816,-0.4537627767605084,-0.7489353260238352
-0.361373213915139,0.31156547393076045,-0.4379465177116472,-0.7619312326865109
-0.3483113104237519,0.31706171278057405,-0.42951434127938865,-0.7704988851094272
-0.3365572279102384,0.3230013788732901,-0.4186236149287927,-0.7792006228252639
-0.3252080964955703,0.3320762384190597,-0.4103432181169794,-0.7845913007398035
-0.3140427849464672,0.34084235679273084,-0.4012409199213157,-0.7900692002728241
-0.30360581963594707,0.3508903933196537,-0.3922130311273163,-0.7942722306445608
-0.2926820115912406,0.3631807595117961,-0.3821965287342387,-0.7977235043765716
-0.28218781118488323,0.37368542506499797,-0.3719920287918008,-0.8014681358781749
-0.27175659748682746,0.3836014065898272,-0.3645969862367526,-0.8037831487483211
-0.26272230948824454,0.3928392120952671,-0.3577614957877925,-0.8053949674968265
-0.2531486330065346,0.4041853386328279,-0.35029431507151154,-0.8061289440714617
-0.243894384704427,0.41757646053602815,-0.342820806950189,-0.8053690601443995
-0.2346645500207415,0.4321710414775273,-0.3352440224462864,-0.8035995179726193
-0.22684374524844358,0.4454752667188748,-0.3275640174057314,-0.8017452940207535
-0.22004491585662247,0.4575389251405938,-0.318235796259662,-0.800602488733217
-0.2151082916375516,0.4673962849278597,-0.31005418062490947,-0.7994595304212873
-0.20675502727876305,0.48161633577396556,-0.3027218393068429,-0.7960260999598562
-0.20142992815570387,0.4959564140904288,-0.2980177664569284,-0.7903408316933744
-0.19684848996952442,0.5088511187137303,-0.2920635493631905,-0.7855062661200598
-0.19580586296152713,0.522567526903957,-0.2862416692971929,-0.7788767236304668
-0.19486904680592093,0.5391166175306119,-0.2771391339223802,-0.7710857460412928
-0.1891408203050273,0.559511839730621,-0.26333348899771,-0.7627763268926812
-0.17783592505700854,0.5812814031305724,-0.2448341312703321,-0.7553426787218983
-0.16463712076742623,0.5998166269599772,-0.22380044371096514,-0.7503519133596868
-0.14166364268699302,0.6193218162119354,-0.19917842742477765,-0.7461232166024552
-0.113191669064875,0.6364553619609239,-0.1732789025053351,-0.7430253294686823
-0.06922642662093906,0.6550654219107345,-0.12961109061681864,-0.7411463823451654
-0.011054978203160851,0.6704000113571126,-0.06578643666140276,-0.7389950994294254
0.044046369677329875,0.6810602961201365,-0.0017647521764032684,-0.7308992242551334
0.08696998591483526,0.6882068658913449,0.05470283093300899,-0.7182027092526877
0.12897769772494633,0.6906127829130052,0.1083315072820781,-0.7033370615122736
0.170539761005065,0.6894325496085426,0.16060626647169227,-0.6854229180780459
0.21814415368867407,0.680895723492572,0.21943007724236446,-0.6638106530799195
0.26425055829047056,0.665743734662114,0.27729519254013807,-0.6403626303864423
0.3079456627824654,0.6468405329766244,0.33204000084540375,-0.6136091846693374
0.34825484825061015,0.6259389741623983,0.3825832245862687,-0.583565795398978
0.3792079843081147,0.6052658926837764,0.42731979666670256,-0.5543034323972892
0.39890772100288513,0.5887963788166748,0.4610266231858268,-0.5307032194461692
0.41349786693003543,0.572935396388872,0.4899336527877743,-0.510616844096496
0.4313281474803384,0.5482508556652356,0.5257695664071764,-0.48676831397855624
0.45018334649877634,0.5194063884564639,0.5536216922709607,-0.4701648434462252
0.4678806208243763,0.4907270360970568,0.5764031932063303,-0.4561075087760998
0.48465255956993514,0.46469998407438734,0.5945249048657121,-0.4423866620932312
0.5014165379238775,0.4394756301562848,0.6085014510164296,-0.430312223979367
0.5169567452900204,0.4132864451432846,0.622865390994746,-0.41711957813190437
0.5312085598122505,0.38867094141478886,0.6324535050396594,-0.4083563752961206
0.5417359034643211,0.3711952676153356,0.6391379772305777,-0.4002985514079222
0.5464197999306581,0.36151782496004425,0.6479126402886919,-0.38850929851682364
0.5509837555443515,0.3494767859205945,0.6587014202793646,-0.3746936297174018
0.554761362657421,0.33729530034255756,0.6690060002163934,-0.3618047574918941
0.557585352796571,0.32547977512983534,0.6796469544274406,-0.34819751243462366
0.5603057290875234,0.31540852331294855,0.6877254012577063,-0.3370589352593563
0.5640806533109182,0.3055142754644999,0.6940096449104138,-0.3268404149107801
0.566405986570018,0.29582140487385594,0.7011978230205704,-0.316220757995606
0.561973402783255,0.2886621055097717,0.7133976133703527,-0.30318959191298045
0.5553958296898365,0.2839322419303328,0.7253351890220688,-0.29121610175584917
0.5504309104962395,0.27752347785027415,0.7353707126505306,-0.28148969250759487
0.5428436213264948,0.2721663869934534,0.7468537770556836,-0.2710271135398194
0.5353081144801921,0.2673561720290968,0.7581052315096662,-0.25931131446060157
0.5303875386685091,0.2623814590173296,0.7667728269641072,-0.24880607030088583
0.522640717297297,0.2585194237761905,0.7770317870997877,-0.23714128697867784
0.5108160908141413,0.2561238332503419,0.7893345064124411,-0.22454073214706077
0.49454327782425195,0.25430903835442903,0.8045129129064795,-0.20859729705061286
0.47677641310971886,0.2518522608612986,0.8201519931379413,-0.19132537404418024
0.46327422459412904,0.24917961353799212,0.8318081275191908,-0.17714895432032107
0.44712983779403265,0.2456657867331505,0.845118069828643,-0.15968305305251806
0.43004946797156385,0.24148618787746284,0.8588532441451614,-0.13824970590607882
0.4127495181274738,0.23531508397276094,0.8733830048626565,-0.10708302086468989
0.3955097575175397,0.23014851070048123,0.8866685840878052,-0.06650200540204775
0.37833534251001577,0.22242730177391654,0.898465627147521,-0.012164738707259506
0.3597324297419976,0.21843849893014827,0.9057746571637735,0.04949213692003041
0.3438643575586356,0.21920435681750103,0.9086820498018551,0.08946332165145521
0.3412922956680439,0.2096056705892852,0.9098779773257193,0.10819934450869073
0.3534739852595661,0.19115988680748716,0.9087018475585348,0.11302650867904532
0.3695980067304631,0.16743182663863157,0.9055155022006223,0.12411918515553841
0.39219424624893007,0.13625934847474194,0.8989744023838893,0.13950658414928557
0.4131479378482643,0.11276445578416366,0.8906520416474013,0.1527478303372718
0.4295795065062592,0.08212796568212351,0.8813275649390276,0.1788244058326454
0.43359281109456826,0.0668010351542586,0.8745992773153416,0.20642432024573054
0.4342207608779877,0.06392491184098911,0.8700496252392539,0.2244539732098705
0.4525733444180345,0.05086570911915028,0.8619727935820013,0.2226947477659094
0.4697636963848491,0.036607377649752804,0.8553583909701461,0.2152765487864727
0.4882557636320214,0.01692691478841531,0.8486133984225038,0.20291645781864612
0.5077286454576704,-0.002742935049428926,0.8407354301540036,0.18806391299980038
0.5259690909734114,-0.018930307646780595,0.8326017352231239,0.17254712195932137
0.5439683146917196,-0.028450352560865352,0.8239498542144807,0.15619118986213332
0.5581045944103321,-0.027784115445340412,0.8171990829542578,0.14118414728898893
0.5682065263461672,-0.024639809131580658,0.8119096920017908,0.13166956845505026
0.5762859802513327,-0.01735391691060802,0.8080550363686344,0.12099739143016845
0.5823518961216287,-0.008747733730359794,0.8055733569561638,0.10881779634096382
0.5876200209682231,0.0014409422225539416,0.8039200739579321,0.09172322132529735
0.5903782281862662,0.015199756744853505,0.8035950417671103,0.07387505618176393
0.5911640057167752,0.026242416184427488,0.8041678562700457,0.05612942971150548
0.5951017387571087,0.03841552323756489,0.8017912122815919,0.03884610676329608
0.6017090425411896,0.05391096591168541,0.7965309025952569,0.024049055894550662
0.6088262160913067,0.06709657405413369,0.7903813521918586,0.01122525979695575
0.6168145509367633,0.07695855828261344,0.7833342132998998,-0.0021680252692099387
0.62555962207831,0.08462614657365229,0.7753515155596588,-0.018536500766786618
0.6330454764734296,0.09441752168338625,0.7676187049683664,-0.03317047027679841
0.6410739163097606,0.10072463730212335,0.7594127133662454,-0.046595193371619666
0.6484032487547776,0.10423114693993814,0.751941197430135,-0.057389290108607854
0.654164792642132,0.10538192864677379,0.7459792859759588,-0.0669176962915001
0.6585957785160791,0.10723205731930333,0.7411941544846741,-0.07337650687801073
0.6623403248796124,0.10850167967245918,0.7371111655053094,-0.07873886736567333
0.6655716745223855,0.1108658343633321,0.733384950857392,-0.08288321120884937
0.6676462670182512,0.11368631023211956,0.7304907326734179,-0.08779051475332311
0.6698257621007061,0.11654648258760075,0.7274481481339412,-0.09257190502072535
0.6719864671594217,0.11896901876757568,0.724517173096359,-0.09672345329102164
0.6740626958961385,0.11971519342107938,0.7219994470828758,-0.10012268912392114
0.6767893611816059,0.11977360044196556,0.7190853474164602,-0.10259974834038708
0.6803958963915204,0.11869347555568155,0.7153538830881921,-0.1060287931872163
0.6839081059731857,0.11706243880656007,0.7115054872487634,-0.11102265363307624
0.6873857175378266,0.11622611426719393,0.7074023991318744,-0.1165084176779726
0.6903744373238564,0.11530872227136509,0.7040018506590929,-0.12028478343700091
0.6927222788980565,0.11668787599633496,0.700638088762953,-0.125004209882482
0.6950489807835714,0.11815879233526615,0.6972745587552928,-0.12943571307101476
0.6977497732464617,0.11929576115927586,0.693349091814322,-0.1348362421020224
0.7003753138966157,0.12040979597166031,0.6893562318162526,-0.14058409004712286
0.7025912012478884,0.12072822026802126,0.6858392876439854,-0.14633787030005632
0.7046360802148257,0.12173504207994815,0.6823894584695118,-0.151701024910729
0.706738089861002,0.12249495274010544,0.6786253977942812,-0.1580627355241443
0.7080526829030991,0.12425700625796703,0.6749507743904171,-0.1663221175289312
0.7094337137868497,0.12620819478489026,0.6713159683408308,-0.1735228168349916
0.710936874187528,0.1274741270990999,0.6679343169298494,-0.17939580850244258
0.7114903968426703,0.129283316517604,0.6657208388258627,-0.18407336587311668
0.7113302994568962,0.13263318068145694,0.6641345074572158,-0.18799734163398105
0.7117172863182739,0.1346273928805757,0.6621048463282018,-0.19222679810744278
0.7123262010183762,0.1365053611035014,0.658525505715506,-0.20075315204217262
0.7133435849398876,0.13651867800447431,0.6546621687315001,-0.20957343632433303
0.7143173098913578,0.13761934853000607,0.6516702084021536,-0.21479672991189677
0.7153513104309819,0.13838307551964854,0.6489425374803452,-0.21908037365992178
0.7164405810236957,0.13902288737451435,0.6452812125296568,-0.22582667558271038
0.7178538805840726,0.13937407556108244,0.6397548205926374,-0.23658918555243413
0.7202648905947435,0.1397464857356348,0.6329661486558823,-0.24706934604847655
0.7222009784327293,0.14142081521226202,0.6250715952129978,-0.2602141437996518
0.7241454722895135,0.14359577017237524,0.6166595281809398,-0.273358036382435
0.7255538039367633,0.14892572467288728,0.607298509164065,-0.28736966939928155
0.7262544556700823,0.15483669181825438,0.5974576663999158,-0.30269522848254216
0.7261264804090326,0.1621026841475364,0.5871348133069979,-0.3189604446383779
0.7275052562630167,0.1663147766521076,0.5758188555281933,-0.3339283497923525
0.7291437272555725,0.1701309584279536,0.562498718673208,-0.3507136630917545
0.7300194622556908,0.17636487421050617,0.5459544777484704,-0.3713498675090911
0.7312573344376107,0.18545913527500574,0.52481273395208,-0.39425780176933867
0.7327949313087371,0.19845401203367108,0.5047178290758222,-0.4109592519568724
0.7339166669197451,0.21596076744985726,0.481839197808044,-0.42726837046004396
0.7312404670786457,0.230975813884878,0.46063922368898674,-0.44693294609597767
0.725846719156834,0.24242312329048166,0.44173302891358257,-0.46824085762583784
0.71470461562038,0.2567348954405489,0.4249134859920448,-0.4926794447672276
0.7038525312077367,0.27038498157532254,0.4135696852873557,-0.5103368411767782
0.6894496261222641,0.28804756456470243,0.40094851171351453,-0.5300265130565939
0.6772324531273562,0.29876523234571256,0.3942823251972869,-0.5446439097332648
0.6664560504302561,0.30554671397556227,0.39104180146745643,-0.5563846222971356
0.6577736790069331,0.3100840485839245,0.3894391960687324,-0.5652599247999333
0.6497095624444205,0.3158267782530894,0.38815659940057096,-0.5722459130027389
0.6432188251221741,0.3220742621941558,0.3875455960581571,-0.5764946865466047
0.6371744917944103,0.3286335797727955,0.3866870746028054,-0.5800704643294443
0.6303043233552493,0.33605347358730275,0.38599292144401115,-0.5837756310815884
0.6223119135456952,0.3439899398012893,0.38685390593992425,-0.5871480724941751
0.6137018408784132,0.35422249177425796,0.39047934449774113,-0.5877264315515315
0.6073539637422967,0.36038724070303857,0.3971985615455303,-0.5860678306912374
0.6034664484116788,0.36264216087445,0.4050845175313074,-0.583288472759519
0.6026292170598251,0.36204992457453294,0.4137775940177444,-0.5783994999568411
0.6041158994346252,0.3593511785481911,0.421318630488749,-0.5730631048404747
0.603415741831415,0.35847929564438663,0.42710108703473104,-0.5700585045046681
0.601227747706124,0.36042167997482955,0.4345476546001916,-0.5654995524965654
0.5998029194781663,0.3629141198263146,0.44262984629051844,-0.5591141373538966
0.5974844037841641,0.3667908938325732,0.45196636456590006,-0.5515462199464956
0.5961342969503901,0.3693742051031864,0.46012550275263575,-0.5444916145547949
0.5963717224862087,0.37118984544171196,0.46756046324715944,-0.5366060756904382
0.5988206334110167,0.37025682056260645,0.47431087070912775,-0.5285384884331961
0.601223087278168,0.3684181567681277,0.4816406084409432,-0.5204048283672259
0.6027529718304339,0.3676712671485503,0.4889475293173541,-0.5122860605534909
0.6019862603730922,0.36983244674929605,0.493547856006955,-0.5071952459205299
0.5969814195237676,0.3763491950521503,0.49860215292550575,-0.5033590778212276
0.5868821597282289,0.38992481129604606,0.5014332966308745,-0.5020882603271718
0.5770058745976059,0.40398420650632366,0.503897279555372,-0.49994851057884276
0.5716217487290152,0.4104922666978859,0.5093883618164748,-0.4952455675795016
0.5667042121419951,0.41573231492000906,0.5164711224929921,-0.4891528982870285
0.5606865061386991,0.42276829624855355,0.5230644719393114,-0.48301259581497796
0.5576872953391478,0.42495042178811343,0.5317753751387474,-0.47499154733053434
0.5544827473345169,0.42574226219378836,0.5384723070534644,-0.47046783484846405
0.5493191146474001,0.4269728011190034,0.5442534620681696,-0.46875463348579305
0.5453642064994118,0.4292586885378703,0.5461786860681356,-0.4690455238768405
0.5438220473499281,0.4303251002461265,0.5477663859796112,-0.4680062769933
0.5432460871778113,0.4299848373403822,0.5525058494375388,-0.4633940167510439
0.5419914151974085,0.43132556709357756,0.5547359650284941,-0.4609463853070327
0.5416640188972931,0.43264286939066343,0.5547618853351667,-0.4600646571698567
0.5404685126818304,0.43439948214307306,0.5558452318827117,-0.4585051307309164
0.536252315942126,0.4352519826288302,0.5600757877083725,-0.4574978440246741
0.5316991132213966,0.4345962545935964,0.5633585018465792,-0.4594010741062501
0.5295400488754619,0.433303260203413,0.5633429775809387,-0.46312019060316184
0.5297220011944761,0.4305653895552498,0.5640494839441849,-0.46460330006356415
0.5355994696578021,0.4225207565460734,0.5687741688671156,-0.4594620367555266
0.541007422874369,0.4146751953417592,0.57274793202309,-0.45531885215350093
0.5446077669593997,0.4072866673971508,0.5778687664232514,-0.4512068699837011
0.5469353540834008,0.4000366980709071,0.5836636602522668,-0.44740260431865786
0.5499789043859635,0.3933850344923702,0.5884659023692915,-0.4432598573258664
0.5524466957657233,0.3873548706397458,0.5928562404443827,-0.4396365893500592
0.5521325627149608,0.3823846750218493,0.5987325262673148,-0.4364068692032743
0.5521977346107465,0.3778357066060351,0.6032664876935501,-0.4340361569387574
0.5545436789129771,0.36961086035155083,0.6114066179626012,-0.4266744281057647
0.5545436789129771,0.36961086035155083,0.6114066179626012,-0.4266744281057647
0.5538601454764845,0.36654546619459666,0.6162629252979099,-0.4232060578113411
0.554214945237268,0.36245521960929655,0.6207528420819348,-0.419687880812431
0.553871140496571,0.3603757559303991,0.6241376960858639,-0.4169031189464177
0.5535169087338391,0.3588183659871397,0.6271691480442363,-0.4141585103767892
0.5546044191588654,0.35566997510401693,0.6299501035031987,-0.41118812501733937
0.5546229981219489,0.35412262017417356,0.6308967642876506,-0.41104716596343455
0.5557976337108482,0.3521070379099997,0.6310615135050379,-0.41093915655288776
0.555789604153103,0.35232975260627836,0.6307193368377799,-0.41128430493108664
0.5520910911122541,0.35412772120025904,0.6312582499195771,-0.41388646522985634
0.5449771330713172,0.35828530868211983,0.6294171138446305,-0.4224519603593071
0.5348972833276454,0.3653432253407278,0.6242219336284729,-0.43675645566318694
0.5315556388835045,0.3628835309892639,0.6234656198303247,-0.44390851151729727
0.5328366532187726,0.35869428714515833,0.6232036670203697,-0.4461397749230711
0.5325761430608309,0.35916511799612233,0.6197672365332593,-0.45083438464386
0.530647519951321,0.3612625836628926,0.6167950245294606,-0.4554848547761232
0.5275045585145814,0.36213625214680417,0.6166879841584397,-0.45857628135567885
0.5249388889963497,0.3592816070218603,0.6203827546043098,-0.45878222226306503
0.5220979689854532,0.3563239787698206,0.6217296735634683,-0.4624923198773926
0.5270459402395293,0.34710179874074193,0.6235055519514715,-0.4615016195785913
0.5349240132607544,0.337375050148674,0.6238512615271486,-0.4591775027864202
0.5415267526581862,0.33101292603079213,0.6211852698345152,-0.45968258559209485
0.5471746140513947,0.32467923171016005,0.6199143581946098,-0.4592270971294841
0.5531101740632478,0.3145192127307173,0.623093392323081,-0.45486418260211314
0.5510738761694802,0.31113299825998136,0.6247251101839205,-0.4574192574684492
0.552060338696798,0.30180749269801516,0.6302234842422404,-0.45492854350863166
0.5561592499421016,0.2859940809332084,0.639487461184827,-0.4471577589200403
0.5598956042019607,0.2689088719907092,0.649139517993609,-0.439115949538423
0.5653899108220622,0.25073063543589774,0.6586555212101535,-0.42853389781196155
0.56703544953603,0.23685981896780392,0.6663928961845526,-0.42224250501669763
0.5682909122905242,0.2266399440503449,0.6676362155461619,-0.4241953069755242
0.5655165760832982,0.21743864346533276,0.6712799237946211,-0.4269598370025767
0.5543841408186819,0.21319674442943518,0.6759848468547581,-0.43617640857360823
0.5460415280727872,0.20773188530848644,0.68045240140486,-0.44234674506373045
0.5419790816569652,0.19268684587088206,0.6868450254199646,-0.4442683485579993
0.5383352990586326,0.18376148166871253,0.690610169685981,-0.44663678438824594
0.5366959942878732,0.17337568009860047,0.6950475533661881,-0.44587798984181204
0.5318632857283623,0.1678760023799771,0.6993188686601105,-0.4470930697909459
0.5251196083706645,0.1674254850392552,0.7026653427542874,-0.4499772438201848
0.5206523405246913,0.1679654715649181,0.70551622078588,-0.45050594099983293
0.5166556081608976,0.16943813088043605,0.7067857918347272,-0.4525610973340452
0.5129482120507831,0.16987148967031224,0.7089036457686501,-0.45330280141094453
0.5106243992867395,0.16721666206781025,0.7115681354997226,-0.4527384447132854
0.5054184085581853,0.167293860646346,0.7130179405081071,-0.45625695939254424
0.5006824946369014,0.1693972281116023,0.7130113410116597,-0.46069127000739857
0.4951855932389427,0.1713589606257238,0.7131310122068776,-0.46569463631296243
0.4862044103982358,0.17622331259129378,0.7133905294593779,-0.47288959375981565
0.4769844003935983,0.18039249206276933,0.7141706057205702,-0.4794838647058492
0.4665130492235438,0.18619763314277596,0.7142317161981608,-0.4874105783554657
0.4579861648743171,0.192477738323754,0.713313780056714,-0.49435255052916366
0.4499657154621709,0.19920368459715454,0.7118946849251006,-0.501053594465628
0.43977779845664416,0.20407330761471662,0.7127153085006815,-0.5069383218228769
0.4306505107491096,0.20827159264482942,0.7113263293669407,-0.5149543032523098
0.4234713188080544,0.21606054778855371,0.7074817217803927,-0.5229335475783976
0.4228088543066062,0.22462449729739742,0.7011587470725876,-0.5283492399326658
0.42208166536196556,0.23789065625003106,0.6927349979508675,-0.5342034500527032
0.423540086829982,0.24952291455107017,0.6843769019659693,-0.5384982507097423
0.42442689008678447,0.26236155412058304,0.6762977274325406,-0.5418944673645174
0.42785564424734285,0.2736006729074809,0.6692633003601863,-0.5423733531998564
0.43281013958194703,0.28483287700787485,0.6621235210957475,-0.5414222548642066
0.4388739361611782,0.29633371699560407,0.655259766677653,-0.5387120144414002
0.44777743187201985,0.3039381380166624,0.6520517104634268,-0.530985448620565
0.45482596567640027,0.3067863298522589,0.6523344315293507,-0.5229486382079888
0.46428294861771563,0.30291434483258073,0.6548152373768283,-0.5137131964594798
0.4768832252784178,0.29721745201562244,0.654508294806352,-0.505829089411707
0.4917324708137539,0.285522479292085,0.6566701751496777,-0.4954395745549536
0.5051520410981171,0.27540905947038685,0.6593260177830201,-0.4840046152780238
0.5223276123316399,0.26140671724277953,0.6624149146132865,-0.4690915416783319
0.5373736350342406,0.24861874549193771,0.6643682135368505,-0.4561065364604589
0.5547839242555711,0.228615118838132,0.6703898768636112,-0.4364943731882553
0.5707862861916091,0.20535354476319775,0.6784855162486266,-0.41435533228089944
0.5889335881541462,0.17329452798133266,0.6880496911824082,-0.3869287502621151
0.6041358090041468,0.14146493573489555,0.6965039810347825,-0.36040227612922526
0.6239255081830839,0.10783172071924436,0.7025529053450915,-0.3248210206196305
0.6433267795526162,0.07556657231584762,0.7052646134981901,-0.2881356847149308
0.6605627600980357,0.04083593301516166,0.7072125037333065,-0.24867597614107076
0.675496902783846,0.0051729089413801435,0.7075729703202418,-0.20740700811377075
0.6852366219657373,-0.02313095553176905,0.7066900656459296,-0.17465646833290913
0.6920758511380922,-0.054243205116242116,0.7053641268823785,-0.14335319835170177
0.6976201662471982,-0.0906213125224196,0.7025055081442644,-0.10770279656960884
0.7028773479752836,-0.12410179977955384,0.6968800050567642,-0.07014581631709924
0.7070184393193303,-0.1527340317293235,0.6897171770693772,-0.0329766230777792
0.709119660101578,-0.17830433888312167,0.6821639828097649,0.0030283576397551358
0.7097935640792149,-0.1997564054163732,0.6743643590004269,0.03902801809980459
0.7085197426530112,-0.21902932615493106,0.6666896431446208,0.07450401518526374
0.7052894596161735,-0.23199508696382917,0.6618913971477234,0.10317381528666113
0.6988313899379074,-0.24694154117629633,0.6569206177811449,0.13823843753807033
0.691304534303201,-0.2579602438223684,0.6525853479044117,0.17229891804482314
0.6837926167278363,-0.2677938693574139,0.6475193949109825,0.20355032315670177
0.6757217268721698,-0.27578010143309084,0.64239300315199,0.23383052193375964
0.6675759452580581,-0.2800725381285796,0.6400005253906363,0.2574899186351484
0.6610816462531056,-0.28324060696732273,0.636941625365778,0.27758094572298614
0.65256628391498,-0.2902503007166605,0.6324037443297418,0.2999625179735038
0.6443357186805252,-0.2957981568271725,0.6304933950080064,0.31593197195183764
0.6354536050577919,-0.3037712917979199,0.6272511490175268,0.3323818800035153
0.6270099117693645,-0.3075347576574517,0.6255016816089195,0.3478916349669249
0.6180531302266071,-0.3112048838866268,0.6238336501408177,0.3633089944030944
0.6095436204259622,-0.3136178758049302,0.6226394753078747,0.37738638894632687
0.600297280736076,-0.31437587598529776,0.6218082734719094,0.3926390892170984
0.5920652198212839,-0.3103221759134029,0.6224559661021796,0.4070718522302277
0.5851512926626037,-0.3088838279529441,0.6224529972036603,0.4180203485437045
0.5791827760654199,-0.3090136700379182,0.6222713410084788,0.4264226093892769
0.5727206537484749,-0.3110595009106723,0.6218046426921529,0.434271834211715
0.5677037347145522,-0.31586279408608964,0.6192516254574645,0.4409881962950554
0.5659762922103951,-0.32017796238326723,0.6155471203381554,0.44526245260888225
0.5637286644521202,-0.3217573927933706,0.6134886709487587,0.449793089848396
0.5598964737300693,-0.3215151944438258,0.6129608949671307,0.4554369985930843
0.5565058826079151,-0.3233261014023456,0.612341670772708,0.4591286453816994
0.5543349102030551,-0.3281089724999639,0.6112787247006113,0.45977780527509504
0.553051177667593,-0.33081295743078787,0.6108588456027224,0.4599441844673043
0.5504895330155348,-0.3323834906897238,0.6103742087469838,0.4625211502772021
0.5476193481300081,-0.3330866530323329,0.6106873085690205,0.46500251857179153
0.5444439341526036,-0.3334235082180796,0.610980745024356,0.4680941101332795
0.5413860124623909,-0.3332260100637226,0.6113398686668255,0.4713015772363936
0.5388347234738203,-0.3328510088085436,0.6118542445526495,0.47381613536996936
0.5364913413218663,-0.33231270016290193,0.6125612276599459,0.47593492450633007
0.5338930868427665,-0.3325853437235946,0.6121070159544717,0.47923914904885717
0.5320748402748359,-0.33433978511411816,0.6095748302484403,0.4832512791125735
0.5284946036909508,-0.34267393610478364,0.6036767298755732,0.4887150838584112
0.5247698633170925,-0.35144000935363107,0.595161149524071,0.4968799819643232
0.5203288357346847,-0.3561752537248679,0.5841888265293188,0.5109995169227766
0.5139231497727443,-0.3588972404360476,0.5721497580576388,0.5288860191852651
0.5091312134609411,-0.3605681219463493,0.5598599704692035,0.5452823583998431
0.5065371319488166,-0.35955088509345706,0.5493638604465494,0.5588762330076696
0.5023124069579007,-0.361633514844625,0.5406495221107377,0.5697381337059279
0.4964730485122273,-0.3676575502949,0.5340897466422885,0.577140000644302
0.4903386094761759,-0.37356546779157174,0.529104638785495,0.5831510700893082
0.4853593493988382,-0.3775794455532959,0.524337413262988,0.589007929742445
0.4829625505353146,-0.3813982351097413,0.5180747650270742,0.5940379608053178
0.4785464541638706,-0.3858524262862302,0.5101965026774278,0.6015070448398234
0.4716842999263161,-0.3909604052193214,0.501699808944537,0.6107054809470602
0.4611056386480697,-0.3977356578469649,0.4913543615853623,0.622702840715408
0.4511850898599029,-0.4057992863869709,0.4801744367736723,0.6333967667465815
0.4423610102541759,-0.4158920497409357,0.4688409117746522,0.6415128517929323
0.4329392006013844,-0.43119799869466463,0.4598233295004511,0.6443558334891287
0.42359263724241275,-0.4506401167008032,0.4502318530844269,0.6440372981140667
0.4121824383495272,-0.4712813758087811,0.434610358649456,0.6473896342131313
0.40261791156931975,-0.49221044802642744,0.41824598645852595,0.6486123549151046
0.3922177646207775,-0.5159481520602484,0.40095101139354616,0.6474573468298802
0.38612659227451773,-0.5423234175130239,0.38610533360253324,0.6385250479966618
0.3818632538125869,-0.5614006949700606,0.37209769657693026,0.6328925811517621
0.3808491608168043,-0.5767534999269459,0.3615782953495553,0.6257559055728232
0.37466571587976966,-0.594199420941417,0.34970221931980094,0.6198878989785093
0.38241521320412614,-0.5981919381528451,0.3568381329341526,0.6071174159279683
0.387770650391153,-0.5990885228581533,0.35782208959498024,0.602237674571045
0.40913299132024505,-0.5881552637837544,0.37229141094004387,0.5899853273066052
0.44521852192502365,-0.5671726749850019,0.40063873938037536,0.5653178088411495
0.479081438746967,-0.5446566325047898,0.4289296418343081,0.5383767176174791
0.5254766014060347,-0.505570837882843,0.4730037943691725,0.49450973677933713
0.5692804317251848,-0.4598904113969013,0.5183823448953578,0.44238031608647155
0.6056643021217506,-0.413044634886912,0.5590557634694028,0.38732613655439474
0.6358313422650061,-0.36466102866662214,0.5939561707891464,0.33159750533858967
0.6597602302244193,-0.31666506558240276,0.6226765019813713,0.27697228874773216
0.6784436340545223,-0.26883038787759267,0.6472202137395581,0.22034167307025057
0.6923876791885755,-0.22587906985395056,0.6642237554230206,0.16847774405396032
0.6995003861317881,-0.19384630207145884,0.6752158934447099,0.13117285624077302
0.7028155474860386,-0.16274830007591667,0.6855251746190583,0.0980741148204216
0.7050541155028983,-0.12353837692580431,0.6958477169158012,0.05859111282464936
0.7063553906313655,-0.08775366227790532,0.70203404060886,0.022573495724493173
0.706558307761243,-0.05485404612682133,0.7054410976351606,-0.01092012474220324
0.7041823128357999,-0.02500678205236748,0.7083965865941014,-0.04094151001654533
0.7003771750749329,0.002152162814142977,0.7104832640084674,-0.06841573205888149
0.6972633124932307,0.020449513572055555,0.7111641569962763,-0.08747132244003926
0.6934720437840828,0.035456629529708794,0.7119956279353806,-0.10441062069168729
0.690143941069986,0.04834200524632727,0.712048501798247,-0.11979700421973771
0.6858086572379618,0.06702495400497202,0.7110401737997477,-0.13998575799316126
0.6809624801842952,0.08782203883351813,0.7091394777865968,-0.16030780118550142
0.6785526466645565,0.10898732443382035,0.7031715306195832,-0.18231255399284893
0.6803976402198756,0.12458646467054693,0.692675566078728,-0.2042983704331313
0.6795979809205214,0.13564046231993665,0.686331177992372,-0.22067569740682277
0.6733978448624605,0.14702650392832303,0.6865832706350569,-0.23134814060475328
0.6687677517015899,0.1561663132750837,0.6865483682702644,-0.2387741922978834
0.664459770381477,0.16494410973573406,0.6854722407471382,-0.24781941282550612
0.6595904630715431,0.17263402770146172,0.6858439523384654,-0.2544719759529348
0.6536872479652391,0.18250488149880964,0.6860380133086498,-0.2621770286891252
0.6494419977209368,0.18979076488553048,0.6858078213065484,-0.26808989051280835
0.6454421253496874,0.1952214619809077,0.6856800488993149,-0.27410931058165205
0.6404722673567325,0.19966447923275174,0.6868068423227195,-0.27968863369528535
0.6331993256778803,0.20531901219444953,0.6896838656925279,-0.2850243543909616
0.6253018858799454,0.21435887149372457,0.6907911158472096,-0.29301102367229775
0.6181102652350368,0.21756464664260006,0.6929491174801646,-0.3007105670338409
0.6132258850309203,0.21729983232404104,0.6963018344918025,-0.3031477396968988
0.6076211275173596,0.2165066220255283,0.7007774108492857,-0.3046842110398881
0.6024788936235688,0.2163469228389872,0.7041832067843808,-0.3071468752878465
0.5975246290184699,0.21681527015233662,0.7071657813108017,-0.30963206243571206
0.5931725872455246,0.21752368815953896,0.7077298981626694,-0.31614572285036546
0.59013526072535,0.21825006854099094,0.7051553816310631,-0.32689932607337374
0.5960966765596577,0.218972277993644,0.6928922488947838,-0.3414970352526275
0.6039525390955681,0.2372582080539702,0.65104450201983,-0.3938158575029539
0.6022066040689471,0.2550260397122495,0.6016697370047864,-0.4585874536629014
0.5872951864280255,0.27455676721285227,0.5650423081175033,-0.5103235597278879
0.5546741055543986,0.3027479381429107,0.5517502319909896,-0.5442903674285755
0.5106078974280202,0.33502465368690704,0.5450163136353415,-0.5744521515125934
0.46677407696945117,0.3646671427932352,0.5435499945725715,-0.5947211442655228
0.42013987614366555,0.3943649297160687,0.5395874389113292,-0.6138437769116326
0.3821225864872301,0.42125301932800563,0.5275353896179086,-0.6310583454039965
0.34879479368590555,0.444427189190516,0.5197391907123695,-0.6408571128133597
0.3280035029810552,0.46048980286332997,0.5079720619223448,-0.6498670847161055
0.3165973945568738,0.4713605837036742,0.4944188418959177,-0.658130153289325
0.30408793394528133,0.48627467377750944,0.4752845537778875,-0.6672121574219264
0.2908257813718649,0.500853025103176,0.4577909437245953,-0.6745324780751376
0.2675497820350877,0.5207473986560506,0.4356111097880125,-0.6837267158413437
0.242410884415102,0.5406907326194298,0.412144689608439,-0.6921179448649745
0.21528506424685495,0.561604471334432,0.3828660510430793,-0.7011892368313127
0.18188184802121804,0.5819266900697507,0.34958499152137446,-0.7113864311665296
0.1522302764354686,0.5978523428426468,0.3187410063985841,-0.7195850817894692
0.11969752266240302,0.6127392731192565,0.2838905988723217,-0.7277562875837511
0.07354657411819628,0.6300571244477686,0.23761153108757035,-0.7356355630761106
0.021039275542046227,0.6463803079036821,0.18943778899760885,-0.7388255345740999
-0.027378876775836985,0.6583589293743614,0.14209889238191017,-0.7386621839537831
-0.07475858657950814,0.6669869651279532,0.09553071163108798,-0.7351281692448569
-0.11749117784829351,0.6719641887969571,0.05305276151423056,-0.7292772837528825
-0.15781127727358638,0.6734491930211126,0.01171784412143998,-0.7220972769050145
-0.19368213640750234,0.6721250100051485,-0.02887808094049363,-0.7140737058619364
-0.22123296274509865,0.6675013939326747,-0.06188719409480447,-0.7082851406743149
-0.24762950765183606,0.6606891460015266,-0.09160207209316605,-0.7026937737621711
-0.27310727462308126,0.6528387691985392,-0.11851775101553161,-0.6965396619529356
-0.2997122107874822,0.6451493849892417,-0.14839047837953495,-0.6869753472135488
-0.32363736163262863,0.6382137645661417,-0.17569608894283276,-0.6760716923551652
-0.3465449637613097,0.630937981512372,-0.20138128755565232,-0.6642811367178764
-0.36700541101712886,0.6238946716129571,-0.22319636653405076,-0.6528750638392513
-0.386192159085133,0.6160381040164244,-0.24225475626855783,-0.6423903048196432
-0.39919051889703794,0.6106873991640472,-0.254425402290528,-0.6348035481897281
-0.41158020006162616,0.6055215329310923,-0.26826125845262183,-0.6260841071992065
-0.4219139111239881,0.598689340284634,-0.2830219207012255,-0.6192401132292694
-0.4328694812237368,0.5900787559059558,-0.29968813585875353,-0.612060532365123
-0.44469747243209695,0.5818022186808818,-0.3148925937567657,-0.6038153614704121
-0.4554817326819866,0.5752835741749124,-0.32675556105510634,-0.5956643381948565
-0.4664522245870045,0.5685477914405271,-0.3394268999537548,-0.5864853882354764
-0.4744837161567814,0.5619137541358401,-0.3520259631976066,-0.5789610153108887
-0.4820011756035909,0.5543415303567973,-0.36450926979274445,-0.5722878005633184
-0.48641436768163626,0.5473652673135079,-0.37428280417560283,-0.5689505334825984
-0.4898637693239719,0.540549254936669,-0.3838063038826934,-0.5661560841243589
-0.4942911106100683,0.5320862343225787,-0.3939422180836406,-0.5633560739244979
-0.49795781237487746,0.5256485660801077,-0.40400948209100157,-0.5590240964871853
-0.5023403670585057,0.519884249318042,-0.41282222543111,-0.5540327906583217
-0.5068021722283689,0.5138330818489247,-0.4202704905225719,-0.5499998518346706
-0.5112255661305084,0.5068280718625995,-0.428363850844249,-0.5461484572865395
-0.514321147373724,0.500473152008926,-0.43496678213974144,-0.5438789202730928
-0.5174389799262336,0.4957755000493213,-0.4388742668307619,-0.5420820357819519
-0.5199671917296629,0.4929643520582604,-0.441408077920598,-0.5401658781068932
-0.5224023298438336,0.4900343164726936,-0.44440322992239906,-0.538022252037417
-0.5246810460198978,0.4862279882285936,-0.44855779016646846,-0.5358059838146778
-0.5276587556568211,0.4817078777943314,-0.4532495111929296,-0.5330090418116257
-0.5294783015076227,0.4776496678178383,-0.4585459764643401,-0.5303198191039786
-0.5308239883089629,0.4735422613748666,-0.46336095659491777,-0.5284697191241767
-0.5322826258240723,0.4687605299506396,-0.46738159748515185,-0.5277245627583141
-0.5335280651609924,0.4633905280034153,-0.4713030754919047,-0.5277219279830583
-0.5347660661508447,0.4578695368083392,-0.47562579010816747,-0.5274095652720462
-0.5361620332735344,0.4531507124288456,-0.4791847751897032,-0.5268459519893959
-0.5376999184024535,0.448149973774564,-0.4833074513017463,-0.5257892222859486
-0.5382458049420512,0.44272752190965153,-0.48822534770342274,-0.5252806913126488
-0.5384120089472592,0.4352498438616907,-0.4944415993373001,-0.5255450379220828
-0.5374592387414124,0.4272172066573305,-0.50064767019164,-0.5272332836222425
-0.5359868274942797,0.418003693847223,-0.5082401554086368,-0.5288506189018778
-0.5315294062201803,0.4101052014758654,-0.5168915498195186,-0.5311434267416275
-0.5277385599179818,0.4014731994138,-0.5251697900620158,-0.5333928890924217
-0.5259726971154464,0.39420192651485225,-0.5303270606681577,-0.5354537998223137
-0.5256640133151919,0.38836298787398,-0.5351085284515401,-0.5352666602109533
-0.5247134580724969,0.38347280374426934,-0.5394234649886092,-0.5353939868225961
-0.5237241267444975,0.3758747399987788,-0.5442773057036587,-0.5368365052718843
-0.5223737048665442,0.3678877128055245,-0.5496401898144226,-0.5382192907834927
-0.5218445323673792,0.3581000649005706,-0.5554933000340394,-0.5393234847230104
-0.5165396364902552,0.344461512923056,-0.5617717252052818,-0.5467591780749141
-0.5023274393829305,0.3295294261138665,-0.5696724648744653,-0.5608482715778886
-0.4904426839681783,0.3159611042069259,-0.5723024609258234,-0.5762850402263417
-0.476549016126667,0.3030034713490816,-0.570261872366067,-0.5965662817362875
-0.45624825821703024,0.29322318020563304,-0.5636569296735571,-0.6230156973102683
-0.43922372033762347,0.288495067310954,-0.5545684538431115,-0.6452185285870874
-0.42123800461408345,0.28636314529813245,-0.541049199043141,-0.6691938857300489
-0.40006395622457763,0.284441772652737,-0.5296331582523763,-0.6917589367545035
-0.37925277540139324,0.28323358391144304,-0.5196822727935696,-0.7112498890257417
-0.3614955357771496,0.2886783600615573,-0.5080177508683084,-0.7265698499442893
-0.34317673417415095,0.2995613792773258,-0.4962446974850166,-0.7390763894111587
-0.32778575034242147,0.31278448977092277,-0.48404499065562034,-0.7486139271028824
-0.3172877751074375,0.32505438287050464,-0.47172671902604235,-0.7557393853048634
-0.31102978526644265,0.3354590371932443,-0.4548112054484201,-0.7641167937174573
-0.3080374836182708,0.34129797092748426,-0.43451793329818444,-0.7744822589118362
-0.3071119319446046,0.3411470516924628,-0.42258843467254,-0.7814857421986694
-0.3003290850489917,0.34529377373656095,-0.40321147132351726,-0.7924614564037323
-0.29483073197879206,0.34935419429349307,-0.38899302825710447,-0.7998192985779735
-0.285098048814716,0.35978267904020717,-0.37436170666783164,-0.8056853225704448
-0.27194327015510283,0.37346188240607264,-0.35582308189073014,-0.8123810772050544
-0.2557641182192006,0.38551741907618997,-0.33433216936050986,-0.8210864972407496
-0.23644525816560719,0.40078035374362014,-0.3161828084087199,-0.8267388823630547
-0.21520307954585918,0.4198273634987946,-0.3002235071730286,-0.8290346585953786
-0.1955274049353072,0.43631783951531117,-0.2856703014248262,-0.8305349214354593
-0.17547851336622577,0.45156000017197256,-0.2700748214779855,-0.8320819961969504
-0.1589602715377291,0.46092036411101334,-0.25769452780467095,-0.8341927717020508
-0.1436581593107888,0.4684155879784891,-0.24537239550307136,-0.8365055634765896
-0.1228600860133782,0.4787130914975593,-0.22809726071080924,-0.8388747313811877
-0.10249867120326756,0.4880814592850096,-0.21055034966252348,-0.8407966827722199
-0.07809986062190928,0.49814617461385474,-0.19119874979648113,-0.8421364726483967
-0.052434943103338974,0.5077064150674493,-0.17167217614824132,-0.8426229505405344
-0.02641582178231898,0.5186300438938076,-0.15337229282231463,-0.8407151846640445
0.00018632742208729051,0.5307578816385917,-0.13429737662249813,-0.8368155417969491
0.02279715321454718,0.5392294942315539,-0.1163448459622126,-0.8337719827231689
0.051590898119391,0.5493297600986878,-0.09112337987169587,-0.8290185302765622
0.08139402381326796,0.5588234836291619,-0.06517001877870801,-0.8227054124560237
0.11580069597991685,0.5660066121006835,-0.03405539653708803,-0.8155163663811873
0.1495327199873009,0.5706627146176909,0.00011726154233491007,-0.8074552730944904
0.17984499194367848,0.5735827598296925,0.03271766687958593,-0.7984911713806784
0.21625959609172193,0.5796306100457523,0.07377319489849152,-0.7821877387882679
0.2533216160286505,0.5797533049382038,0.11365503509995757,-0.766026629603887
0.28929863625163305,0.5798183696230184,0.15353648842162143,-0.7460184341112542
0.31613717809894243,0.5809571515063989,0.18482070012538013,-0.7269025942603128
0.3484765447331107,0.5792382787591966,0.22359792035863832,-0.7021759638454222
0.37162801736489126,0.5722755030207051,0.25032121577073285,-0.686827965568454
0.39901692883627865,0.5606456669203971,0.27983339041015504,-0.6694439485700092
0.42460299797831214,0.5498724932931175,0.30959305066727366,-0.6492339164014546
0.44636660894792607,0.5394153913710646,0.33675734645753425,-0.6295890529346987
0.46670424361151136,0.5277563075834519,0.36044603908852213,-0.6113420333220051
0.48460211451251994,0.5154330060719807,0.38200945276851256,-0.5946077571450761
0.4975651233901532,0.5060117223795458,0.39808602470441606,-0.5812990639380577
0.509347966746825,0.496890826204993,0.41277464133209313,-0.5685782717246208
0.5230679183163999,0.4853996219283526,0.42949734087250496,-0.5534611043636289
0.5358289975799289,0.47353134542178427,0.4450398302551161,-0.539068548277509
0.5478283900771196,0.4616979941680213,0.4605097211040539,-0.5240704284496538
0.5575320108693346,0.4504609870107571,0.4756521729441745,-0.5098999572570838
0.5646106259325575,0.4403111242457273,0.49110361784819523,-0.4961433174859087
0.5727348790460658,0.4291924444437866,0.5045374815827939,-0.48291876504702885
0.5790296564280641,0.41971514001711807,0.5162360298318383,-0.47123690403094554
0.5847096458348447,0.4112300907978297,0.5266653521242418,-0.4600304874265919
0.5903623526578328,0.40288615657324783,0.5352645034371063,-0.45016324679628517
0.5948418433560001,0.3962568127673419,0.5420091861163872,-0.4420065179313028
0.5993111131124054,0.3896298581416825,0.5488705264943059,-0.4333080988053714
0.6027563806837234,0.3841837843944005,0.5540777450633497,-0.4267146795916082
0.6067490589702057,0.37822095112686305,0.5588615666415051,-0.42009313360070943
0.6097208618106776,0.3732731906016309,0.5627995862840859,-0.4149267664653426
0.6088721633456736,0.37078403655998565,0.5654360132115117,-0.4148204453718666
0.6092059386118885,0.36513550236034614,0.572749593957439,-0.409270194245384
0.6095928661132963,0.35955111102701415,0.5792670194884426,-0.40443696205464796
0.6092996211378094,0.3559739500464997,0.5845437561393655,-0.40043116228397624
0.6100396155255532,0.3518496186080548,0.5885250200098543,-0.3971042862992066
0.6102793374610365,0.34763964078799203,0.592696833851838,-0.39422870717759906
0.6091773408498474,0.344205592739365,0.5975392239698258,-0.3916278247770321
0.6068718740083852,0.3426628738428254,0.5991663757013888,-0.3940664127481418
0.6041272571306198,0.34004824078506524,0.5983188285702635,-0.4017611610262045
0.6035900222451142,0.3344739744811127,0.6009694919581586,-0.4032888731126901
0.6038673240548573,0.3285221477174431,0.6047362987702057,-0.40213363742375136
0.6038219072287306,0.32432166275083474,0.6081024791364744,-0.40053206898981975
0.6041899133247295,0.3197488081607739,0.6124680132391302,-0.39698637391645186
0.6043805020190979,0.31622756653932577,0.6155314374225176,-0.39477257311562197
0.6046748442865942,0.3128611547383714,0.6176952882154374,-0.3936226129927033
0.6037893624572904,0.31058455535047735,0.6202084977975567,-0.39283210029332283
0.6013900944544495,0.30828381529185483,0.6243236867183893,-0.39180476990910235
0.5967626084396823,0.3077403978246002,0.62874809862207,-0.39223215726678384
0.5917689901048953,0.30623607636960004,0.6352308897586016,-0.390526112541121
0.5871795236101429,0.3050896394995512,0.6410965160831156,-0.3887618499661344
0.5839131244014153,0.30339101063893553,0.6462312615903381,-0.38650292930147756
0.5827457477461777,0.3006007608922492,0.6501423074249223,-0.3838770065150388
0.5807712560461802,0.29948715953870886,0.6533525931442726,-0.3822859903967614
0.5792903405945146,0.29781386580149516,0.656741140089168,-0.38002720632165315
0.5770918584104311,0.2950379616585151,0.6610269990784775,-0.3781016987876228
0.5728520091140831,0.29625877629844766,0.6650354038218739,-0.37656237834332607
0.5687576259235448,0.2968860818039327,0.6709205710931998,-0.3718050627262846
0.5645211996393807,0.2955226436499677,0.6777830226002362,-0.36686830951001564
0.5597044654597965,0.2927301228430119,0.6851590170862505,-0.36276315666021264
0.5543229619278534,0.2888026472631498,0.6935557955058079,-0.3581891167157851
0.5458523649893783,0.28499857605137185,0.7045537368621969,-0.3527393359943105
0.5345789009391367,0.2819638818631498,0.7176068445961112,-0.346066734292941
0.5217500088818148,0.2791785416450234,0.7323126307531859,-0.3369784577033555
0.5068501706798907,0.27808043317017234,0.7475621911813227,-0.32699380343644846
0.49137446761398257,0.2755794999434345,0.7634811819776519,-0.31575869988649463
0.47826206899365487,0.2719390726969575,0.7770273046718005,-0.30584816804601667
0.46857455221976596,0.2667220817721012,0.7874217760024785,-0.29877109429177545
0.4604106112509567,0.2596592551494486,0.7972830824288952,-0.2914426645764709
0.45296558041014623,0.25181538795079256,0.8065168181869777,-0.2845027510173581
0.44528683709721323,0.24675062297196879,0.8143615791574221,-0.27865566773912026
0.44276614691674787,0.24156598974217208,0.818756772873557,-0.2743015833313042
0.44187096225859884,0.23714435688694194,0.819743734995485,-0.2766456499657835
0.42398052002611925,0.2447742338538113,0.8207087118618299,-0.2945561124026405
0.3970698545796484,0.26085166656076725,0.8181949501210293,-0.3238038947156345
0.36689050646297555,0.2779509603461346,0.8090355615551952,-0.36550797535631574
0.3353659082824494,0.29553101184389885,0.7964900431730209,-0.40717900206991087
0.304572795484576,0.31212070517051893,0.7606959020186177,-0.4807887501872837
0.29185712270494213,0.3207765385580265,0.7325702766399785,-0.5246547646031137
0.28469786001473213,0.33743003867492677,0.687829067634908,-0.5761764236927458
0.2866891221604348,0.350659699365076,0.6550769732688055,-0.6047489409408293
0.28120580886445234,0.35974529706020536,0.6358264962097153,-0.6222791021893879
0.26201897829870746,0.3691704540647335,0.6234048236578745,-0.6375152207571475
0.2534977426013249,0.3779279918149259,0.612396556330693,-0.6464362190449096
0.2490277906522339,0.386482767027783,0.6009256595044508,-0.6538383454819368
0.2472869599804634,0.39336149029593276,0.5920016473628426,-0.6585210299568757
0.24162469037686393,0.4038313557547932,0.5800457614538697,-0.6648944726262439
0.2322105365159818,0.41535962061565407,0.5684074239012876,-0.6711688705138832
0.21924245146358518,0.4281227784207746,0.5579682590068991,-0.676250734575811
0.2139115086923036,0.43939222333448374,0.5477377980851778,-0.6790873618842886
0.20781171162457154,0.45472925015507565,0.5313373637086699,-0.6838978048598996
0.19835782236259805,0.47249508210470575,0.5128566330504096,-0.6887529641537906
0.1923845683628898,0.4909356584091685,0.498076379489131,-0.6883968894127718
0.17653165046953573,0.5135590759813834,0.4789816332741912,-0.6896885143640117
0.16177419572707027,0.5320074648811903,0.45745233631325694,-0.693926888734751
0.1434220861240816,0.5559702118763477,0.4218437569651862,-0.7016944302383213
0.12145081498152155,0.5793814225997841,0.3891050568650666,-0.7058074251583134
0.09284769478984815,0.6042464965339717,0.35330783599459714,-0.7081236121069875
0.05811385326927105,0.6295817553235399,0.31152409325697006,-0.7093675582815657
0.012875926927542561,0.65465094852723,0.2598382508617927,-0.7097537808897104
-0.03776617990365294,0.6748134280709203,0.20744407134255433,-0.7072252188769028
-0.08472058067786102,0.6885774457331456,0.154600675711441,-0.7034075315965765
-0.12887183658227547,0.6983260754722179,0.10326748001724852,-0.6964686422390953
-0.1718343923841629,0.7049636762079207,0.053844554257385074,-0.6860028577186856
-0.20183410158005397,0.7067872338458572,0.01406683216112503,-0.6778767776999334
-0.2303418501632099,0.705765554997518,-0.02552865069201282,-0.6694668785207227
-0.2587418726190756,0.7023610782933489,-0.0643419795754328,-0.6600012641779507
-0.28481884784561484,0.6987180294350007,-0.0991973831321109,-0.6487150518017193
-0.31550706960657643,0.6935272047452726,-0.13794475904928954,-0.6328084613509156
-0.3427083820294045,0.6869907456371199,-0.17462384185493282,-0.616523474128573
-0.3667992799575373,0.6771270287627886,-0.2098348844435179,-0.6024338938108358
-0.3887379564015908,0.6638042925240653,-0.24416571148604005,-0.5904487850896606
-0.408410068381297,0.6489822337536655,-0.2752123438802343,-0.5798977859009592
-0.42289058163432525,0.6368664056594112,-0.29960323381453036,-0.570791239942696
-0.43707294347975123,0.6239870925892431,-0.3262851236995298,-0.5595939317150895
-0.4455253634946402,0.6135065694380433,-0.34634480675769913,-0.5524148029979864
-0.4515433473373025,0.6012586147581517,-0.36514117243316946,-0.5488794110263778
-0.45815790454270794,0.5847647966182182,-0.3864564945590239,-0.5466194699736188
-0.4652274476729498,0.567107751136349,-0.4063336158459844,-0.544835032983667
-0.4730299035226322,0.5511564546288394,-0.4239000720464921,-0.5410896430475416
-0.4806020437856338,0.5378912552722832,-0.43875383835341286,-0.535900869882506
-0.4874862182216617,0.5239146959240115,-0.451402114482389,-0.5330166127613859
-0.4922290658913709,0.5090247168048524,-0.46355380049768125,-0.5326558536406075
-0.49352337510115873,0.49365898586432133,-0.47416614756738346,-0.5365649526434587
-0.49680099162419394,0.4794760361602427,-0.48399903161502394,-0.5376210960007043
-0.49958539253336204,0.4688025867415394,-0.49332438539735685,-0.5359753921627823
-0.5022305621280373,0.4599698975663511,-0.5047844148176985,-0.5304572087873911
-0.5021507864244633,0.454470276873247,-0.5179528170970003,-0.5225191234714083
-0.500397363178074,0.4461324078634086,-0.53146377332729,-0.5177978478317062
-0.49932541997087543,0.43175246571653425,-0.542378230363473,-0.5197016341578975
-0.49919876631054905,0.41403251576241873,-0.5509826239884009,-0.5251626563916412
-0.49848807582234544,0.3959074007352952,-0.5578617334064585,-0.5325009433857367
-0.49705023407902965,0.3839408977606884,-0.5640732672925611,-0.5360520506019854
-0.4930264712845391,0.3749353078169,-0.5695962477121816,-0.5402855986949543
-0.4858098374462404,0.36537643469007297,-0.575167680438228,-0.5474221425855341
-0.4764121505591139,0.35587139197061435,-0.5807922927111222,-0.5559382410878891
-0.46081824016667383,0.3445810963789768,-0.5860717482428265,-0.5704650063409228
-0.4446951315347767,0.33126294415296603,-0.5950251394487747,-0.5817698730978969
-0.42807866409352174,0.32036090383878113,-0.6046827037002773,-0.5903188769514556
-0.4116770193437061,0.30951752115730863,-0.6162637045400544,-0.5957683965329862
-0.3974865452489249,0.2946126650058873,-0.6274854479366988,-0.6012236161295427
-0.38553913121307304,0.2778504401825935,-0.6355903244499183,-0.6084271942142755
-0.37525444677971415,0.25917783114066073,-0.644523899096403,-0.6136773545690307
-0.36716443348956385,0.2417194252045664,-0.6523230272823973,-0.6174436543816696
-0.36067674421426976,0.22740866471213592,-0.6562464081884408,-0.6225256919490216
-0.35510367842278306,0.21596575590391578,-0.6606070829491457,-0.6251867335483691
-0.34961453518960767,0.20743472762894916,-0.66460889875959,-0.6269254519057458
-0.3456330104476958,0.20531977884707553,-0.6651121888121705,-0.6292911780698462
-0.34532888744866025,0.2118729641160865,-0.6647347033595936,-0.6276827070419952
-0.34728801461509046,0.22223097796165184,-0.6647664086375658,-0.622968738610558
-0.3521813593099013,0.23209768787122603,-0.6639327301728003,-0.6174886907828779
-0.3581190140986129,0.23761463467556102,-0.662941564464362,-0.6130240935188286
-0.3663882715687309,0.2417871331128034,-0.66088503863848,-0.6087114114437024
-0.3763624068552597,0.24422700095325342,-0.6586095399088485,-0.6041009722327473
-0.38261237538646486,0.24727028388425892,-0.6569790852226712,-0.6007026373247473
-0.3867802049988341,0.2517023407467735,-0.6562768287225865,-0.5969486818525356
-0.3914387540032634,0.25713628580259806,-0.6565763095931408,-0.5912395301982688
-0.39834960261785113,0.2658120037850982,-0.6570329267796416,-0.5822107057288873
-0.407726871257043,0.27224576255027577,-0.6570462527193448,-0.5726528311427688
-0.41537007128387843,0.2801683122258011,-0.6564389430155462,-0.5639692676013512
-0.4213991804576338,0.2896806147231044,-0.65519339274697,-0.5560840676228674
-0.42820325883760446,0.2991134849234869,-0.6549469469649096,-0.5460930222216049
-0.43539904817564273,0.31178130424904876,-0.6542353679734566,-0.534037611466779
-0.441815416266999,0.32356465207305957,-0.6529012985354709,-0.5232828568263577
-0.4494808817286022,0.33298735341785307,-0.651479044073176,-0.5125050385681618
-0.45922265241315074,0.3413349879425868,-0.6493491373184498,-0.5009497773037231
-0.4723855843446792,0.35052999710796967,-0.6450186472038298,-0.4877822522295826
-0.48233906684888245,0.3592710699486085,-0.640046331378722,-0.4781359812626224
-0.4949319194259736,0.36255853673039645,-0.6353301537376382,-0.4689875247050229
-0.5021928175056704,0.36919824125939393,-0.6304523051300808,-0.462628278051455
-0.5067438297491792,0.37306286512179926,-0.6282106168373384,-0.45758738025769463
-0.5092969365023303,0.37655921160870043,-0.6262121583516347,-0.4546186570682758
-0.514243178205213,0.3788876403813612,-0.6241823937315475,-0.4498827058147504
-0.5197983734320426,0.38268729747955,-0.6218767752536067,-0.44342909210535175
-0.5247570603329658,0.38324378845367313,-0.6206863480380402,-0.4387512776067794
-0.5314104360606449,0.3832144280433516,-0.6184819212387307,-0.4338545420830473
-0.5376819941737179,0.38500064992512206,-0.6156991713225859,-0.4284706560912763
-0.5430025924732932,0.38675120221467885,-0.6132146138637703,-0.4237210515146614
-0.5464815603435375,0.3872694386561385,-0.610829925309831,-0.4222168736957799
-0.5494239478554903,0.38816644384014937,-0.6088221898256443,-0.42047078207086735
-0.5506611998506644,0.3920479649260199,-0.6066668191525897,-0.418361096082884
-0.5518882505341774,0.39538026899562784,-0.6048402869224755,-0.4162475575025125
-0.5526028052879506,0.3995196962789348,-0.6021462743275059,-0.41525175037148143
-0.5538230461745127,0.40360318664934336,-0.5999141241920974,-0.412901374237611
-0.5542185793021822,0.4079032459163977,-0.5981037605854543,-0.41076586993161357
-0.5545379209209771,0.41040771445318425,-0.5965170033973007,-0.4101471282794245
-0.555167187127494,0.4117968444917902,-0.5953092227240455,-0.40965800680963516
-0.5555406707699773,0.4137625085481731,-0.5935324831305223,-0.4097491197175207
-0.5564036611631606,0.4160660882154981,-0.591947880906196,-0.40853602334671557
-0.5576960704961464,0.41860983828242554,-0.589682934473607,-0.4074493011859446
-0.5587074861296063,0.4214296335487171,-0.5875489904893892,-0.40623785235330984
-0.5597234878311246,0.424325450126181,-0.5861632345463601,-0.40381950424852386
-0.5609046673313359,0.4257372512701895,-0.5850350013250043,-0.4023279685424308
-0.5619305587717845,0.4268050533621416,-0.5842832053089662,-0.400854873410378
-0.56334996493331,0.42668504148948777,-0.5835045068888236,-0.40012395931658923
-0.56478204608095,0.42722680920590733,-0.5823132243983825,-0.3992615716683917
-0.5655777154651624,0.4299471131899286,-0.580987309389952,-0.3971411259951289
-0.5658356517614028,0.4327694262316008,-0.5792197187531071,-0.3962892331649844
-0.5664050448114268,0.43506346272784613,-0.577429694188253,-0.3955756019790429
-0.5671540077540913,0.43828646880566585,-0.5752747236563239,-0.3940815842848689
-0.5674260639858612,0.44223281826966965,-0.572868261090697,-0.392784612465534
-0.5679851058021389,0.4457657638248281,-0.5708919364525521,-0.3908557282195774
-0.5681413423020875,0.4498466482249104,-0.5690683478069387,-0.38860600069000134
-0.5688195404860519,0.45270459027135246,-0.5680636400562382,-0.3857545659542354
-0.5710055580266234,0.45413010400135967,-0.5666998887711243,-0.3828442730526526
-0.5731850836960227,0.4583498998207743,-0.5652389231798489,-0.3766685398133944
-0.5747689957256189,0.46474317288305794,-0.5653193967073049,-0.3661534712625847
-0.5762328379771106,0.47037386444830875,-0.5645977342962641,-0.35767798717328725
-0.5800463614491678,0.47509725504744654,-0.5622771331988712,-0.34881691802093256
-0.5842990276585037,0.4808054234167983,-0.5588022980486896,-0.3393534776392071
-0.5871086649196414,0.48952581185940863,-0.5551483389924884,-0.3278387054841823
-0.5908486084494768,0.4972607863342699,-0.5502172472766511,-0.3176328274389238
-0.5925772396165233,0.5048574694162113,-0.5458984478470973,-0.3097838525508564
-0.5933147092506372,0.5142128894463857,-0.5410097673482934,-0.30144848937716806
-0.5941198721984332,0.524328435937512,-0.5358382263926529,-0.29151100127202084
-0.5915880611588129,0.5375377720889898,-0.5315567129358624,-0.2802216451396702
-0.587404562322299,0.5524991341339605,-0.5284221626526519,-0.26546300111628857
-0.5919083810733875,0.5571022484714104,-0.5266473858225236,-0.24884550261052074
-0.5967092796187726,0.556950219905136,-0.5282856614018773,-0.23379210448953808
-0.6037563566321213,0.5512914103216479,-0.5341823379087658,-0.21495411742555787
-0.6100083989980808,0.5433630188187395,-0.542442689246881,-0.19596507804860647
-0.6153307743391544,0.5303713163755486,-0.554631580386762,-0.18016135810691294
-0.6197075783701304,0.5162912168880168,-0.5665675627026834,-0.16854404044065308
-0.6256846206342295,0.4984316586314537,-0.5796260451661388,-0.15530062762513136
-0.6323895775565815,0.4759857059669739,-0.5929475553692646,-0.1481020813308945
-0.6391068151185749,0.45473107711058286,-0.6017642378236938,-0.15047235113239185
-0.6436769429268553,0.43366841432042924,-0.6117832152033167,-0.15275142277777629
-0.646131415906195,0.4109800787570392,-0.6220640922266779,-0.16323551514947
-0.6454909311128555,0.400523017791399,-0.6280908486660075,-0.16859613249521477
-0.6441126178770634,0.39441151084278797,-0.6307326393211055,-0.17814273294551758
-0.6430712996393387,0.38924313722905574,-0.6323132218244129,-0.18742751453904838
-0.6400966389634035,0.388553869899292,-0.6336087913670349,-0.19453041529910867
-0.6382529445223499,0.3885863254041021,-0.6331797079504385,-0.20178529172683762
-0.6370823591319275,0.38808783039661804,-0.6314115435567103,-0.21173891055797134
-0.6367414827715427,0.3852340740352397,-0.6299103732959316,-0.2221889149671712
-0.6356849786771266,0.3843599470823595,-0.6277294073698871,-0.23265388474331855
-0.6338773688343856,0.38360644909093383,-0.6261099889111963,-0.2429647202395092
-0.6313641083053319,0.3829028817600112,-0.6249883642744719,-0.25328697243484943
-0.6277970357789615,0.38352308009052155,-0.6243210162727704,-0.26268650050043285
-0.6241219482926665,0.3824742088644812,-0.6238617310777612,-0.2738280732677252
-0.6209048716020801,0.37989546000758273,-0.6231381398855645,-0.28610389460192615
-0.619067035216999,0.3766861939327669,-0.6209938581827473,-0.29871415317555133
-0.615939144681488,0.37608969701235206,-0.6201228412083934,-0.30760879646366424
-0.6119322724955614,0.3762015374907835,-0.6198719012671327,-0.3158640895819889
-0.6070269357965626,0.37570817120607275,-0.6188037161475409,-0.32778595178625003
-0.6005017704662159,0.3748042985055177,-0.6160126876583375,-0.34561210935480635
-0.589295330498006,0.3773060976155522,-0.6096793658371892,-0.37237372762821497
-0.5778083998801159,0.3795343461713351,-0.6027338255834115,-0.3985010271026453
-0.5578090841919745,0.3874452616604116,-0.5939154801161264,-0.4312767061739331
-0.5419144349946156,0.39306098588674715,-0.5854898497405024,-0.4572017523687423
-0.5272407693806374,0.4009131632360692,-0.5760108858716314,-0.47905872918081854
-0.5180951355463894,0.40105071041866625,-0.5625566745910463,-0.5042477030873965
-0.5128000226516815,0.3972026291167763,-0.5465787333569837,-0.5296394022663261
-0.5056519766700752,0.39504700105825624,-0.5279074636686891,-0.556388043767491
-0.49700637247821056,0.39368231038442564,-0.5055706062983685,-0.5851472175901815
-0.4898701005533857,0.39013761815038195,-0.47964516071039587,-0.6146221955761615
-0.4815229744927827,0.3833548880621436,-0.4528666146399893,-0.6450476603934007
-0.46457588089598617,0.38059906662561777,-0.4250592078916296,-0.6772283744498363
-0.4394576583860464,0.38243244771035934,-0.396418318549413,-0.7095596565071696
-0.40944750229492394,0.38815215355242916,-0.3729131543892956,-0.7366318129435392
-0.37084527294658737,0.4005047036982627,-0.349262553675466,-0.7616333989845969
-0.3322683637927933,0.4067352356801844,-0.3299508305178928,-0.784408459872277
-0.30292447040757625,0.40727770289137116,-0.318051521505944,-0.8007526881775493
-0.265177900259899,0.4011882955421299,-0.29080386305163586,-0.8271407050605097
-0.23769609032682043,0.3889919100389027,-0.26690912696725716,-0.8490850254887357
-0.20512699162260487,0.37687850036101656,-0.2409963994513083,-0.8705206767934904
-0.17592109491441837,0.3659214251877399,-0.21845893189103058,-0.8873719479619105
-0.1493825992788622,0.3575562630505035,-0.20447919680377905,-0.8989030069259594
-0.12274190846643546,0.35014807168357687,-0.18841987240144156,-0.9093012171368265
-0.09877055250187071,0.3384424996028587,-0.1708331644723964,-0.9200636295047161
-0.07952526797822868,0.3244316375364682,-0.15758435293604908,-0.9292938265307283
-0.05977968275933455,0.3072340913944754,-0.14862229537148125,-0.9380538449005562
-0.04132316044819844,0.2926071555397729,-0.14459793098030338,-0.9443330383364288
-0.02527069719709156,0.2824164895659445,-0.14338480690634858,-0.9481788414813163
-0.009999575451657639,0.2713170340357841,-0.1410901716101719,-0.9520402507288356
0.003906201381969986,0.25616430946879015,-0.1399309643601227,-0.956443366519099
0.013038565525414193,0.24212421572682885,-0.14065520988685143,-0.9599072725526113
0.023169537407754664,0.22949379776188084,-0.13877702360482475,-0.963087071372327
0.030166619002464857,0.2200637279133467,-0.13638427054807628,-0.9654331988811602
0.037770638866483484,0.21267799651700903,-0.13669867999267246,-0.9667755269582436
0.043404106693952,0.2049703534274832,-0.13695547243417724,-0.9681665333547964
0.04835549700239352,0.19784722244940428,-0.13824208818570405,-0.9692302861202613
0.05358200875808206,0.19121609350040786,-0.13766681501394182,-0.9703675705462386
0.058874511138078484,0.18493301374789545,-0.13648237985745915,-0.9714453831033515
0.06217480457590011,0.17814228510511093,-0.1395577470873038,-0.9720716306740951
0.06382084226623165,0.17459080141139527,-0.1415899013951562,-0.9723154076624856
0.06341062046935718,0.17139842295477098,-0.14743801055021638,-0.9720410006091835
0.05027106309276231,0.1650697421199569,-0.18935631603652897,-0.9666276356638314
0.040786328666541444,0.15302176361843728,-0.2235020899364472,-0.9617523751190056
0.03624248504604824,0.1403709987475538,-0.2570247371187972,-0.9554688636985061
0.03425133317224846,0.12771961868125592,-0.29012832280688444,-0.947808050970819
0.03346459143482581,0.1175226872818282,-0.3182655293033741,-0.9400933953344216
0.026733539512015254,0.12052181293833615,-0.3445383074351723,-0.9306197747635299
0.01672918227243559,0.12783044998995843,-0.3698099347609095,-0.9201196241076441
0.0078080258135567165,0.13307233479327032,-0.38952507592868224,-0.9113182779184871
-0.0012395409622017759,0.136945046325674,-0.40527597651992364,-0.9038782554530695
-0.008583385040018217,0.14128995480097642,-0.4221037717348993,-0.895428322123421
-0.015024869810463245,0.14919528401735221,-0.43594620258894146,-0.8873927704023974
-0.023663203759483595,0.15642509182771477,-0.45597279333552476,-0.875819647628624
-0.03335842374419542,0.15951285990348812,-0.47663114099025766,-0.863866667101491
-0.04265674075386234,0.1633270884769065,-0.4930168403518202,-0.8534864145183698
-0.05212319978669717,0.16728490720125425,-0.4996652025594419,-0.8483122168269744
-0.0679199694074463,0.17159939547493755,-0.5069882815787154,-0.8419640179783153
-0.08194645923218255,0.17903425682769233,-0.5103244696181876,-0.8371382492816702
-0.09924979857120107,0.18660238831567874,-0.5143301987588298,-0.8311398635627841
-0.12444087862563799,0.19321185444444855,-0.5227838285601726,-0.82090237886425
-0.14234078302427725,0.2036589349675257,-0.5225381444431919,-0.8156077655943419
-0.15818836714271428,0.2132191025595811,-0.5186026169047095,-0.8127517336456416
-0.17578218019311231,0.21958833556790386,-0.5166833309954589,-0.8086531540039346
-0.19301129731660635,0.2251075759441546,-0.5124783214613169,-0.805877899183802
-0.21296109680133915,0.23661144108563154,-0.5089233908275832,-0.7997872088656497
-0.2358398078168208,0.2548791054463983,-0.502095381349093,-0.7920331146383198
-0.2603156092528168,0.27925580292278374,-0.49132189262771625,-0.7828504186228713
-0.279784678519349,0.3066047620252579,-0.4806191344680346,-0.7724760845181273
-0.2945704440387486,0.33470478215382593,-0.47341852117718713,-0.7596550968094533
-0.3116171462559425,0.3592532136949697,-0.48087515868178704,-0.7366077411838036
-0.3256971287819403,0.3745569066093778,-0.49215930868878033,-0.7151277640291951
-0.33001388523492214,0.37406082656723383,-0.5037592749635347,-0.7052630193539169
-0.3310561473312603,0.35982180791214013,-0.512658555240277,-0.705770004749404
-0.3352536450348677,0.35751339485709716,-0.5196922468679024,-0.6997922081117934
-0.3468116196305345,0.36155588079812656,-0.5192224237414123,-0.6923923167060925
-0.36519947140260894,0.3731887222025251,-0.5162888741212104,-0.6788264300738109
-0.3937981225202201,0.39236036613543895,-0.5111248907551269,-0.6555362139776669
-0.4171445064228006,0.4111659148720281,-0.49479089414522665,-0.641961854224761
-0.4405616993698851,0.43546437902510793,-0.4709294992011127,-0.6280936000555853
-0.46296691690082475,0.46424040573793124,-0.4524692297307328,-0.6044948930160646
-0.480735688385239,0.481125017515738,-0.4352912916902491,-0.5898588024365543
-0.49298910516091904,0.49716693837484455,-0.4179890458386767,-0.578853984298711
-0.5100589149255986,0.5203281201775634,-0.4008296812185414,-0.5553684518512434
-0.5240448194892615,0.546459437504165,-0.3758608940693006,-0.5343104889841906
-0.534367396976239,0.5782368010867522,-0.34573125165091295,-0.5104542962398214
-0.5407177703501991,0.611139017656761,-0.3090645796765171,-0.48847976366930135
-0.5392214105128279,0.6444825302981376,-0.2540913618821399,-0.47887380216706976
-0.5274951916770801,0.6785325728834,-0.186068336405296,-0.4761522282644069
-0.5120907053940545,0.7076184909788696,-0.10758375005679366,-0.4748314620973685
-0.492222504796932,0.7272807618301158,-0.023193049478453076,-0.47774656639177504
-0.4655027878980957,0.7312931671451814,0.052872485239680946,-0.49570349852553003
-0.43473795840155655,0.7261711429521865,0.12309756181199027,-0.5181943351140621
-0.41011119401065926,0.7208808058511755,0.1766765248175648,-0.5300236578501942
-0.3861566263715445,0.7131399978252688,0.22863733423624755,-0.5385530362039245
-0.35571071455737235,0.6965581231602086,0.2875172121652502,-0.552820514559051
-0.30572810998172656,0.6727253474271242,0.3379288632992208,-0.5829022328361362
-0.2656804049764617,0.6505638209946543,0.3912542968080836,-0.5942227801536987
-0.24915619043401308,0.6267173246948013,0.441008041818864,-0.5921642464273673
-0.2328855807136789,0.6008975079705181,0.4820743952632156,-0.5935408736069311
-0.21779878722043303,0.5774287838723254,0.5198759103723436,-0.590651103152752
-0.19892644924841027,0.5520293356597669,0.5538179857539388,-0.5907431921028851
-0.18556747573637908,0.5303174732845478,0.5775409771037119,-0.5922621963657746
-0.1707405324283815,0.508322853679675,0.6018690959354301,-0.59178470609749
-0.1508728651822874,0.4832569059019649,0.6257891274533587,-0.5933701285124747
-0.13336714104875713,0.4597217884526073,0.6444404927435035,-0.5962931613082006
-0.11919508164029581,0.4383082414334348,0.6629371477878507,-0.5951409548058363
-0.10676132851564636,0.4178632189332113,0.6800626967502054,-0.5928803230713496
-0.09257617969467344,0.3976871496590453,0.6947725416056799,-0.5920858868272302
-0.07922530586594703,0.3774761123057548,0.7084715898703596,-0.5910187322712754
-0.06748386723726404,0.3583454033167399,0.7203018592507289,-0.5900845118662322
-0.05559043354028818,0.3400698990835523,0.7315880603399024,-0.5882525625989271
-0.045040354752262465,0.3237474701479759,0.7417804399885619,-0.585594331313881
-0.037909418096243555,0.31230443857737283,0.7470542891256674,-0.5856096846564443
-0.03079796891923725,0.3000479022266625,0.7513063137833054,-0.5869936663620575
-0.023939761407121868,0.2852204560213084,0.7572251346865727,-0.5870998847638014
-0.020698150930771087,0.2703444260158822,0.7631019498458854,-0.586652275212155
-0.017844057616093558,0.2567576110381098,0.7676707613176668,-0.5868890193211576
-0.01430255276906374,0.2444968774635357,0.7712294233990383,-0.5875558614961268
-0.00884209438599391,0.23430182461545127,0.7731685101837303,-0.589266431428951
-0.0007812999461922654,0.22955711010458005,0.7739401904448875,-0.5901859913493027
0.008126372994206542,0.225741854328731,0.7745832401179911,-0.5907583104743425
0.015792247936163212,0.2227946504322045,0.7742281537145015,-0.5921857095875829
0.024785247688494903,0.21950647995405312,0.7739239874707332,-0.593501691971136
0.034523634328712895,0.2183911687034536,0.7720135118162218,-0.5959098536509206
0.04202160313812664,0.21914697336866235,0.7681990116833057,-0.6000658858674178
0.0451216274558695,0.2226597411744999,0.7617996356554879,-0.6066695917144721
0.057718392754264394,0.22741432465576988,0.7560955818943184,-0.610958904607435
0.07095096068388232,0.23336282801983121,0.7519883811533065,-0.6123897666413527
0.09215907388525142,0.24167629052696804,0.7474078837217645,-0.6119483074968757
0.1087651084568129,0.24495623050467852,0.7442472492343849,-0.6117700779920247
0.1189911470406546,0.24344676246123506,0.746831853380202,-0.6073030244859523
0.1226421161781557,0.23958019338462552,0.7549319346250308,-0.5980284410966066
0.1359278244139478,0.23347001859574432,0.7730471975396894,-0.5739454741898624
0.14801521409884966,0.2262710181780844,0.7927734162853488,-0.5462629707010918
0.15474793505169615,0.22337115333467727,0.8074880402728406,-0.5235661078330984
0.1673809981410356,0.22282609831785066,0.8170591709203325,-0.5047241252255859
0.19156433000658585,0.2207721369413384,0.8223412006346904,-0.48817796013152714
0.2242682457125001,0.2171544836264595,0.8230977091536666,-0.4744026195036759
0.2553998359273248,0.21418955631672557,0.8201651353293222,-0.464997751137975
0.2892012393286406,0.2111115726337588,0.8148084812313995,-0.45594044126865896
0.33194068347221145,0.20329289116207855,0.8066720040481822,-0.44471076099399065
0.37681885841438234,0.18969403426364206,0.7972374757134844,-0.4317825015283244
0.40990518679027815,0.17671544867508004,0.7885688170636894,-0.42297589623614024
0.42182152178316984,0.17766432296033854,0.782955295626444,-0.4212873095146391
0.42578675348657913,0.18375681244690792,0.7785288854033856,-0.42288514874286304
0.4327227695869294,0.18901781741600815,0.773267252676652,-0.4231796608040238
0.43622071106775273,0.19611193519396114,0.7685729816873439,-0.4249084276997217
0.43584927728588485,0.20875863541765172,0.764087635241036,-0.42734684426083397
0.43945646345739925,0.2181691407937611,0.7564353470120112,-0.43253417035148306
0.4439937435076527,0.22724854262318572,0.7466334410591609,-0.4401887780189945
0.44718955094271107,0.23983232152497672,0.735174913336142,-0.44946613874772917
0.45246443319584884,0.257131215544237,0.7169134821617287,-0.46389064851562506
0.45807456327773044,0.2820165187079439,0.6926099499336442,-0.4805474325253265
0.46358016686327264,0.30828525490743486,0.6680560529259087,-0.49371524246951676
0.4698309718819715,0.3339109291577575,0.6445219363724579,-0.5023483082325874
0.47790787466259016,0.3548090726969786,0.6220934928343927,-0.508639628263962
0.47900371580832213,0.37480180086324083,0.6024549144694348,-0.5168434253650884
0.4742589087727377,0.39059726739086476,0.5880435242646881,-0.5260390439186493
0.4728087703296856,0.3994644667625702,0.5786916281652893,-0.531032961297915
0.47157316456321885,0.4107372725104341,0.5677528344750051,-0.5353226712741748
0.4712563878333033,0.42065297641920035,0.5582165631242856,-0.5379244919221335
0.4720299206950509,0.42725429997998066,0.5520186771178511,-0.5384393162003479
0.47267182852424194,0.43385347498504895,0.5478833121792145,-0.5368206227395523
0.48021112243241165,0.43516470258364276,0.5520249640440532,-0.5246879058923076
0.4852071286786157,0.4318975981185854,0.560538642395782,-0.5136486517065374
0.49743976000458684,0.4199788977412909,0.573532517641301,-0.4972241565195926
0.5125912971521436,0.4055617898116966,0.5831589285309149,-0.48238517888020943
0.5318625250218206,0.38685808345863576,0.5913066600985947,-0.4667113791875764
0.5461092820558895,0.37203063796896696,0.5979344791698604,-0.45368735389546877
0.5581997137657336,0.3583762239336188,0.6032197928364241,-0.4428379423686677
0.5687914175939849,0.34547791486631085,0.607693578352578,-0.4333934107022052
0.5772458572369189,0.33383515755462884,0.6123682297237406,-0.4246721784015324
0.5840725774593393,0.32421819648174116,0.6166153244394712,-0.4165661135960739
0.5972308241646166,0.3099556824983276,0.6199663588027966,-0.40358955822400927
0.6102610176270415,0.29932793455161283,0.618931147665236,-0.3935841871971829
0.6244269775705117,0.29042058034648954,0.6173386370528958,-0.38031545247996024
0.6397953209568701,0.2837122025324056,0.612877381628172,-0.36681146179543417
0.6559340075329382,0.27557043762946076,0.6116959193217678,-0.3458895979233608
0.6743224622939301,0.26005165778989103,0.6144802486398496,-0.3163485042766748
0.7025243280561043,0.22859304369985914,0.6166402060577635,-0.27195522634138214
0.7260131246081829,0.19007925730703729,0.6220905373318598,-0.22311024674009536
0.7412389541202419,0.14077942528935103,0.6359392747483525,-0.16225660277002413
0.7435310864845925,0.09018983512632565,0.6541306168423803,-0.10554834522783772
0.7404662686750606,0.040597855778296055,0.6683371877300649,-0.05819727276862573
0.7345698579333407,-0.007148442668768497,0.6782937322640298,-0.01654195739734898
0.7283211954616194,-0.048757253323719475,0.6831041722869858,0.023230503520073838
0.723052745736561,-0.08449426216754162,0.6830623002827116,0.05900288531990385
0.718527717541573,-0.11626488538475573,0.6798435578970045,0.08951610099255727
0.7127800751484789,-0.13982268914243867,0.6787250111929226,0.10828914651742826
0.7059093692278169,-0.16274254754003786,0.6777211439953568,0.12609867817780368
0.6964237508919108,-0.18921353424223147,0.6763455549105379,0.14747504197647232
0.6868275605764134,-0.21370194715093757,0.6744502292469166,0.1664820353231337
0.6784274487314375,-0.2344155854725523,0.6705448337167113,0.18749708283368405
0.6700455248429531,-0.25415254450208596,0.6653541999186509,0.20916325540509959
0.6636915747785342,-0.27234383463489864,0.656670037119494,0.2326516530219178
0.665322019282269,-0.2809678189239847,0.6431746276304704,0.2544210953511307
0.6626660680692124,-0.2919906190360824,0.6328753897119292,0.2740144188205961
0.6577836642846807,-0.30487842124670206,0.625307393632713,0.28872212025856353
0.6497120862762655,-0.317750420504063,0.6192182401926658,0.30574114251885004
0.643016956656169,-0.32855062124710815,0.6129242810395722,0.3207920018374857
0.6356447426327706,-0.33916208905094264,0.6084927281245931,0.33265814033841007
0.6303366998344148,-0.34716832225608496,0.602596245421527,0.3450037186287025
0.6269183440336653,-0.3539143455469083,0.5947478946315251,0.35776104841298584
0.6243277642104877,-0.3581305801475438,0.5869531515062155,0.37073350042320047
0.6234518333935927,-0.35498274649468453,0.5829277105145221,0.38143196699222265
0.6209848380822743,-0.35219758029307896,0.5808776507622497,0.3910445628730333
0.6217533903377971,-0.3494776637551573,0.5780599834658227,0.39640224476557273
0.6192200156393166,-0.352517755444541,0.5754489742321496,0.4014427510656459
0.6149027451098487,-0.3573892890133738,0.5755602424896403,0.4036061414549512
0.6089350140190353,-0.3626826039003005,0.5770788766972974,0.4057578681917585
0.6037582643414995,-0.36080260182815527,0.5781310551862973,0.413596329508075
0.5997233442607074,-0.35741522618612764,0.5788222595237258,0.42136807937825704
0.5965983104361369,-0.354176156312123,0.5784097200442191,0.42903601485549636
0.5923220711709074,-0.354198973373616,0.5769089085378544,0.4368910190362634
0.5889491758561233,-0.35575308974321346,0.5760715736868305,0.441271061125165
0.5862905919545962,-0.3579235093513628,0.5756896236491347,0.44354882534153095
0.5843624012918646,-0.35940888438052854,0.5738048332550771,0.44731851193289884
0.5822507296370182,-0.36135430343123703,0.5711339501073499,0.4518995090323299
0.5807774218889765,-0.3625247338778819,0.5689559750073394,0.4555902787090748
0.5782011113700961,-0.36536337095084104,0.5656305269869983,0.460711611442814
0.5760965611858018,-0.3700630545934475,0.5629701723627536,0.46285059451696986
0.5720739546471467,-0.3744843125167576,0.5633832966823195,0.46378028322966425
0.5682795756139511,-0.3756774245656449,0.5653303673930873,0.4651089897163339
0.5657488495682209,-0.374577112903149,0.5669523233882623,0.4671030814563607
0.5637084922380898,-0.3746944325724302,0.5682339055124561,0.46791777761049536
0.560920650627365,-0.37485915982024165,0.569815325860135,0.4692111767781587
0.5544382609534619,-0.37585443374509536,0.5698239607633044,0.4760591488093415
0.549051323316322,-0.37949107392361514,0.569045838718572,0.4803290565997167
0.5451254324815847,-0.3821913352182582,0.5661778847721912,0.4860150706930164
0.5418667258662375,-0.37963151918721144,0.5617572708448972,0.496678094636261
0.5390176524161995,-0.37516676317003456,0.5593191037238284,0.5058379289909186
0.536645537778966,-0.3732799979794325,0.5581306771415889,0.5110418350036234
0.5323964928615076,-0.3717697396815024,0.5573739180430496,0.5173737049089899
0.5303851315692858,-0.3716284768940724,0.5577510962069705,0.5191315845251048
0.5273026669045338,-0.3734647043628819,0.5571269303101085,0.5216182469907921
0.5233007116064409,-0.3726719965052454,0.5586906751012065,0.5245347250735125
0.522087264922764,-0.3694419996243916,0.5600260855749851,0.5266006838151258
0.5228045283217185,-0.3663719818385377,0.5599151169355627,0.528149654848929
0.5233376583036776,-0.360040000363068,0.5607017262138236,0.531133192109685
0.525958461493438,-0.345204294678313,0.5656190784414852,0.5331760964466705
0.5253171115005858,-0.33017969888546883,0.5747074980285722,0.5336052759468567
0.5271656789211208,-0.3112199858745335,0.587305878778058,0.5294433606275766
0.5313536691880191,-0.2897079491765271,0.6055205249772438,0.5167953910936545
0.5354494705159493,-0.27315726357066294,0.6293584328031407,0.4925311532708888
0.5403611698248574,-0.26040107902074144,0.6539660080175431,0.4610092673124304
0.5392373976802127,-0.2503427256099615,0.6756784479586878,0.4359015756353568
0.53037404600226,-0.2425276101675785,0.6936292660362697,0.4228027565326197
0.5198279187935628,-0.23334379706469668,0.7061211567392887,0.4203837761133889
0.5085067782551589,-0.2290160583779712,0.7176429901121398,0.41708637021183476
0.5043468214413235,-0.226232001541476,0.7236479636909506,0.4132638259350948
0.5015157854424775,-0.22565476080801633,0.7256483253886007,0.4135170537443545
0.5003104623968067,-0.2251994122267245,0.7256971267354323,0.41513653922169935
0.5004469404431797,-0.22591089486215932,0.7254790878249211,0.4149665293880451
0.501617283973881,-0.2282135270498257,0.7255476849850964,0.4121640975423659
0.5025128378131757,-0.23220264840917007,0.7247796636772211,0.41019168327094446
0.5051105359564713,-0.23662162570896386,0.7218184784146665,0.40969700625187533
0.5072532683649729,-0.24179353939485418,0.7186148539659571,0.4096616868825399
0.5081793043873004,-0.2463876064437821,0.7152188752505876,0.41171458860310967
0.5074809941058148,-0.2526265551069128,0.7125262846151347,0.4134599835639962
0.5041774732208523,-0.2625625761677483,0.7119567571971818,0.41229060742886875
0.5006984330714369,-0.2720263351216976,0.7104143934982812,0.41305464726902064
0.4976076718609925,-0.2823173824371402,0.7080548987785116,0.41393448853010095
0.49539607511337325,-0.2951055056711087,0.705158261424546,0.41261034358044907
0.4950399096642588,-0.30318296143230494,0.7018375915522312,0.4128432811865823
0.4923873244597016,-0.31477970922011034,0.6979766173200583,0.4138805371712571
0.49228636257392977,-0.3254790205518372,0.6951777523687367,0.4104210484562135
0.49523959729106315,-0.33437870483238424,0.6914532373471212,0.4059815803602285
0.4984279325020537,-0.342053860069998,0.6856447716505553,0.4055366814743155
0.5011686062651075,-0.3510037263348118,0.6790622328582568,0.40558710050854047
0.5047576419209299,-0.3647591528961331,0.6697677585905799,0.404452262762206
0.5086032418565839,-0.3797913704427452,0.6576115116641249,0.40574420148292845
0.5134734229314313,-0.3896503004813969,0.646648488013005,0.40787672185150653
0.5190571114930145,-0.3938413834924501,0.6373357511790676,0.41142656686983053
0.525896862388315,-0.39441208276691725,0.6315473365405703,0.4111198861720263
0.5323068408033846,-0.3913714651737312,0.6297061605051326,0.40859265155356295
0.5362198808117267,-0.38512710297997177,0.6328050861359317,0.40460236891670315
0.539404576288479,-0.37808322824629725,0.6364303907147757,0.4013130117159706
0.5422879840819116,-0.37008849096502,0.6398033271454588,0.399512144683002
0.5462034610527416,-0.3661331254206572,0.6402383766857643,0.3971185397617254
0.5504583094634817,-0.3629678947929332,0.6386237143299995,0.3967489236123358
0.5540190971216129,-0.3612979066443455,0.6360311732117516,0.3974808289488306
0.5577686513614886,-0.360245707534515,0.6337013124850296,0.3969128472550289
0.5616216348486867,-0.3594911462713644,0.6308768566809326,0.39666314011611276
0.5645328873519853,-0.35751152669963726,0.6289391426417374,0.39739612759562915
0.5652272408416555,-0.35655482946233785,0.6291092028525599,0.396999282976467
0.5642287006847012,-0.3574332845481207,0.6302318546120976,0.39584748307017437
0.5648368218232785,-0.35895361680331594,0.6302389795414289,0.39358670501298004
0.5643214878514433,-0.3592873340783768,0.6299761860132297,0.39444121865775
0.5606416828995413,-0.3651608402959695,0.6280840215280744,0.397302058906109
0.5583794513439729,-0.374184616891987,0.6248554480280908,0.3971824893771311
0.5572344103857089,-0.38301878287126356,0.6224683109753892,0.39410610967270426
0.5567053799909847,-0.3892542775262997,0.6209754954414017,0.39108779241735175
0.5566420135882794,-0.3936988353957201,0.6187838768327978,0.39020175485024733
0.5572666472160805,-0.3967790660331889,0.6158580007163361,0.39081860192684836
0.5567785557380347,-0.39874876026848843,0.6143094595317274,0.3919450905221912
0.5560080676416126,-0.4005963765705918,0.6138922743083081,0.39180843194158765
0.5542634309924275,-0.4039751659690955,0.6132039456169991,0.3918890600979935
0.5529498576859119,-0.40755447573747594,0.6118209017270954,0.39220018919083266
0.5526723568270927,-0.40956723698609215,0.6095154522065593,0.39407976084569263
0.5534927999862218,-0.4110794816431199,0.6062611748214922,0.39636696133696636
0.5539763356626419,-0.41340644731070275,0.6018425209707379,0.39998863583772226
0.5548198334356735,-0.41617296022327743,0.5977033938865713,0.4021513055329797
0.5559359366517943,-0.4189025906797138,0.5939937878193842,0.4032706707571191
0.5572256671302462,-0.42130307623452135,0.5917218842301448,0.402328827664273
0.5577247263647126,-0.42388052759329503,0.5886737570920916,0.4034000937527378
0.5595079301951099,-0.42729682212715925,0.5845303403336352,0.4033516865940438
0.5621819017595082,-0.43048625537410345,0.5795664807630203,0.4034052399808569
0.5654819410393211,-0.43316053618452677,0.5748086469554319,0.4027370651380387
0.5672702953194987,-0.43350341521844804,0.5686738231212614,0.40852084884215994
0.5692136886494426,-0.4371765580529742,0.5629471496664779,0.4098328200930697
0.5707762846569628,-0.4426575558149293,0.5598050248637937,0.40606287110544076
0.5729076839597472,-0.4466046235966812,0.5581981591842908,0.4009188333381386
0.5749947037977248,-0.44745916499287813,0.5559090682284359,0.40015808642314776
0.5751302597172859,-0.4453951853906865,0.5531309028071515,0.40607205955109626
0.5765449435447286,-0.44337853518549014,0.5498711642283844,0.4106739647943316
0.5779629710806966,-0.4420012412588124,0.5463171338423645,0.41488708832103594
0.5773968740549305,-0.44337318994582015,0.5429649290806092,0.41859544915986774
0.5772884180620118,-0.448056108880841,0.5391841980021718,0.4186456810845835
0.5782710893116177,-0.4544996480570223,0.5360728639445652,0.4143169097739914
0.5805893214810787,-0.46046155583747805,0.5335546105694972,0.40768943194287227
0.5827971762490423,-0.4632559922564644,0.5327902643712251,0.40233800614143034
0.5854626956045017,-0.46326047646616614,0.5320355679144327,0.39945127046214085
0.5876915246052823,-0.46198111466087505,0.5308021165314721,0.3993009324926801
0.5895192651457435,-0.4608222832995708,0.5300316590141966,0.3989690460164186
0.5909771720241059,-0.4612016711263171,0.5296827246956484,0.3968314653044501
0.5905725161794859,-0.46316922901487667,0.5287816731964439,0.39634367727865283
0.5909859924272526,-0.4624133620970462,0.52880296446263,0.3965814721900356
0.5897915790263503,-0.4660159750034431,0.5281044790683065,0.3950704538929577
0.5889444089372007,-0.4697568895151239,0.5262039156478389,0.3944393325868621
0.5893304027795975,-0.47167507852847707,0.5238717647247303,0.39467793297699
0.5899211372742498,-0.4722898809478704,0.5208868402438975,0.3970040551581691
0.5900254854911027,-0.4736681697171191,0.5170066573524608,0.40026554650763846
0.5900727704068272,-0.4747901515929617,0.513870864031035,0.4028959824504858
0.5901160484955039,-0.47717246630406296,0.5113610546570638,0.403211307491947
0.5911660356506862,-0.47902815529303233,0.5098712620856659,0.4013552551403513
0.5909448611691154,-0.47912291147090785,0.5087740384427246,0.40295705052540837
0.5903257521838172,-0.47739048636746056,0.5104340399534121,0.40382040648200096
0.5886305005740579,-0.4762713458171955,0.5119636683653035,0.4056759066315785
0.5881116498701872,-0.4743423881299131,0.5145488513525603,0.4054176435257081
0.5872020784214728,-0.4738770674613322,0.516793963792935,0.404423346283245
0.5870081692922089,-0.4708282225279516,0.5192009700867642,0.4051821154941837
0.585926180742104,-0.4676159887056282,0.5203394192618558,0.4089898367808957
0.5854040377471701,-0.46596541905482397,0.5216809869723803,0.40991131805049646
0.5845870394601749,-0.4658283209030214,0.5227306064364554,0.4098959402512246
0.5840338843441971,-0.46629530819269627,0.5232831661870537,0.4094482085448168
0.5842031927569342,-0.46791880867203095,0.5227479886163555,0.40803573184355585
0.5844856094059081,-0.46863227992875145,0.5217399189900628,0.408102702194469
0.5844240256378737,-0.4674772436948183,0.5200436951474229,0.41166508234501964
0.584101906426197,-0.46781030627136316,0.5175580926500032,0.4148639547949021
0.5829906370779893,-0.47275056745769223,0.5123458917207944,0.4172894742078387
0.5822206102565005,-0.4781005595154472,0.5059191233619582,0.420101007616302
0.5817765013179148,-0.4839354985752704,0.49741118615834495,0.42417525578178084
0.5818103796047642,-0.4888964687762835,0.4916842270143744,0.42511592055287434
0.5819700371570785,-0.49253990420219773,0.48820563829972435,0.4247005690509932
0.5833938368506689,-0.49718955985088165,0.48563788385001144,0.4202499476140653
0.5849870636161111,-0.5022707757737251,0.4820560133691298,0.41609638688664646
0.5864792109356969,-0.5046850806057355,0.47820586050849767,0.4155168582976531
0.5836157777172233,-0.506741649823452,0.4717573478876093,0.4243236135872898
0.5863237541555002,-0.49640887205807455,0.46521724445645146,0.43974492892514055
0.5880839950907165,-0.4880941911644134,0.4605708924810673,0.45143740238142904
0.5879567223773012,-0.48836360982446025,0.45638976708390727,0.45553952376457985
0.5861648533132546,-0.49375980115168666,0.45106859870530536,0.45732826587576003
0.5840410921443085,-0.49936079262474403,0.44610881095158933,0.4588264707571152
0.582619520737273,-0.5053241318350253,0.4417871825544717,0.4582860473237542
0.5810376596477168,-0.5107685850068286,0.43758923144192663,0.45828632443843464
0.5808686359533222,-0.5142645913404951,0.4336692234467175,0.45831709819102484
0.5812747946725353,-0.5180238869675717,0.42991468131715255,0.45710418111999573
0.5823959358185036,-0.5192824755502194,0.42639684277799045,0.4575438962520284
0.5833029830177489,-0.5220792912271801,0.4221722599401375,0.4571229884958294
0.5844859017058288,-0.5259027250954446,0.4186018015712257,0.4545053202830893
0.5840780091615869,-0.5299662812920234,0.4144580700237701,0.4541069566737696
0.5826190255049475,-0.5335743265317321,0.4103402949067446,0.45549352526871334
0.5807348643623917,-0.5377646942972294,0.40615757763195204,0.45671892123443575
0.5792747789775926,-0.5428320619495968,0.4038559304124936,0.4546146394812527
0.5759648735072812,-0.5494279084766295,0.3987138929606139,0.4554345940230388
0.5732675529281729,-0.554798177968403,0.3953463919292843,0.455263138054446
0.5670097886934272,-0.5618713349822769,0.3915525803973229,0.4576975849130811
0.5632321059666574,-0.5662254620344246,0.3892572177016935,0.4589522191028198
0.5632179328925854,-0.5700800811783882,0.38679375062925975,0.45627278637454977
0.5625374440374918,-0.5739198227156189,0.3844099576944027,0.4543089758911063
0.5629271282339087,-0.5783893747555665,0.383753535325118,0.4486780623048814
0.561877798145055,-0.5832081524508647,0.3810073728481289,0.4460885256335126
0.5623094213399742,-0.5854613411481423,0.3781967710944936,0.44498352219719467
0.5658707768844905,-0.5847734917652705,0.3807449551868264,0.43916227786158746
0.5683955868422342,-0.5854766363220477,0.381334669371856,0.4344277098831866
0.5696794440782257,-0.5859969718996239,0.3811046276779943,0.4322408387480439
0.5708042042491743,-0.5849895430943943,0.3810360473616376,0.4321820513310318
0.5700134056649735,-0.5867528474638927,0.3787625843924045,0.4328333605668802
0.5678829660218903,-0.590917332978804,0.37476559399121867,0.4334471040943832
0.5636456591882618,-0.5974144710345616,0.36842228489331963,0.43550492611532005
0.5627897593269685,-0.602760456969491,0.3652870345508549,0.4318713937038036
0.5613723915119634,-0.6071129300325389,0.3622211866500505,0.43019848927823306
0.5596165319878171,-0.6100119499554375,0.3600496111470588,0.43020813050237083
0.5577258990832119,-0.6131223544730461,0.3573418234932583,0.4304992695926029
0.5557120220835502,-0.6178618544059737,0.3529742739741483,0.4299302725957385
0.5518143210339495,-0.6253418100180358,0.34425671209668074,0.43120284312790796
0.5478470224598575,-0.63465180876219,0.334446138580517,0.4303794860414827
0.5405177064877603,-0.6493421066172499,0.31911957600923935,0.4293694606685095
0.5304300723790574,-0.668403265207237,0.29821705570098306,0.4277237438642947
0.5196103875393843,-0.6892654305976638,0.27106133052539555,0.4259624002632045
0.5071632405861992,-0.7083530372502477,0.23994849995823714,0.42830612811894964
0.48927960986098,-0.7265330911992798,0.2005994663482937,0.43876529587865787
0.47187672143799847,-0.7395613068102891,0.16351300249172532,0.45127035272674865
0.4513952844221147,-0.7494783156843472,0.12275842604914383,0.46846015876952557
0.4272023226275582,-0.7571919856217457,0.07922225850196164,0.48773179741499934
0.39361795728528165,-0.764285584668496,0.020953704175026143,0.5103855317814593
0.35935771296683383,-0.7676640761611989,-0.039055315888554126,0.5291772695455325
0.32502657517623607,-0.7645889095520678,-0.09881772482940288,0.5477194373753106
0.29146857708654306,-0.7558339638629199,-0.1564510623265341,0.5650523451321224
0.26052831283303474,-0.7440618255803793,-0.21022873372696418,0.5781875798060028
0.22897237707261975,-0.7297179752563819,-0.2616200216308252,0.588759960771219
0.19656077192863308,-0.7125192737381401,-0.3073991026959396,0.5993212320218804
0.17162666474411792,-0.6958929413354589,-0.3410655861508235,0.6082364409437249
0.14837487819290146,-0.67870481506505,-0.37181389158946915,0.6157102399260974
0.12596428885308106,-0.6613538408548063,-0.4003974559609951,0.6216317015567147
0.09977549766936286,-0.6398352270605866,-0.4330895553689423,0.6269682362827408
0.07550706828854799,-0.6176730978157521,-0.46346584865680696,0.6308550023594857
0.058662217358014336,-0.6011189156115436,-0.48428478510478473,0.6329952926086065
0.03729724925727445,-0.5810571449987085,-0.507969451141126,0.634782282480516
0.017960733528371024,-0.5620105910486402,-0.5295338034898283,0.6351499496669091
-0.0006426817732959745,-0.5433096115378171,-0.5493604567621502,0.6348364683261718
-0.019441158059440973,-0.5250278958960788,-0.5666511460577577,0.6347237419347679
-0.03362732515052035,-0.5111862844291103,-0.5790421094604228,0.6342460256764765
-0.048349020752611604,-0.49751854462251266,-0.5912144365439459,0.6329321922378297
-0.06346142458742941,-0.48460233196320535,-0.6024969520826386,0.6309759505530209
-0.07920283943070416,-0.4690365274167894,-0.6151656563056299,0.6287311519854708
-0.09420705044200986,-0.45386772416390264,-0.6263675161022796,0.6267318847650539
-0.10933887207708301,-0.4391492370023541,-0.63692750623329,0.6241124181560594
-0.1224915223590239,-0.4262308030339828,-0.6459212964991847,0.6213765430268406
-0.13390545938961596,-0.41339231019245765,-0.6549590840054269,0.6182270813367617
-0.14475687255595934,-0.4014963241388893,-0.6626334215553248,0.6154373227134191
-0.15560976321716802,-0.3900456663710392,-0.6695671961893994,0.6126416158927953
